"","mid","ml","axProp","axVal","lst","lst.vals"
"1","MONDO:0000375","bronchus carcinoma in situ","obo:RO_0002573","obo:MONDO_0024493","has modifier","tumor grade 3, general grading system"
"2","MONDO:0000375","bronchus carcinoma in situ","obo:RO_0002573","obo:PATO_0002097","has modifier","neoplastic, malignant"
"3","MONDO:0000375","bronchus carcinoma in situ","obo:RO_0002573","obo:PATO_0002132","has modifier","neoplastic, non-invasive"
"4","MONDO:0000375","bronchus carcinoma in situ","obo:RO_0002573","obo:MONDO_0024497","has modifier","tumor grade 3 or 4, general grading system"
"5","MONDO:0000375","bronchus carcinoma in situ","obo:RO_0004024","obo:GO_0008283","disease disrupts|disease causes disruption of","cell proliferation|cell population proliferation"
"6","MONDO:0000375","bronchus carcinoma in situ","obo:RO_0004026","obo:CL_0000066","disease has location","epithelial cell"
"7","MONDO:0000375","bronchus carcinoma in situ","obo:RO_0004026","obo:UBERON_0002048","disease has location","lung"
"8","MONDO:0000375","bronchus carcinoma in situ","obo:RO_0004026","obo:UBERON_0001558","disease has location","lower respiratory tract"
"9","MONDO:0000375","bronchus carcinoma in situ","obo:RO_0004026","obo:UBERON_0002185","disease has location","bronchus"
"10","MONDO:0000375","bronchus carcinoma in situ","obo:RO_0004026","obo:UBERON_0001004","disease has location","respiratory system"
"11","MONDO:0000375","bronchus carcinoma in situ","obo:RO_0004026","obo:UBERON_0000915","disease has location","thoracic segment of trunk"
"12","MONDO:0000375","bronchus carcinoma in situ","obo:RO_0004026","obo:UBERON_0000065","disease has location","respiratory tract"
"13","MONDO:0000375","bronchus carcinoma in situ","obo:RO_0004029","obo:HP_0001824","disease has feature","weight loss"
"14","MONDO:0000375","bronchus carcinoma in situ","obo:RO_0004029","obo:HP_0002105","disease has feature","hemoptysis"
"15","MONDO:0000375","bronchus carcinoma in situ","obo:RO_0004029","obo:HP_0012735","disease has feature","cough"
"16","MONDO:0000375","bronchus carcinoma in situ","obo:RO_0004029","obo:HP_0030828","disease has feature","wheezing"
"17","MONDO:0000375","bronchus carcinoma in situ","obo:RO_0004030","obo:CL_0000066","disease arises from structure","epithelial cell"
"18","MONDO:0000375","bronchus carcinoma in situ","obo:RO_0004030","obo:CL_0002328","disease arises from structure","bronchial epithelial cell"
"19","MONDO:0002806","bronchogenic carcinoma","obo:RO_0002573","obo:PATO_0002097","has modifier","neoplastic, malignant"
"20","MONDO:0002806","bronchogenic carcinoma","obo:RO_0004024","obo:GO_0008283","disease disrupts|disease causes disruption of","cell proliferation|cell population proliferation"
"21","MONDO:0002806","bronchogenic carcinoma","obo:RO_0004026","obo:CL_0000066","disease has location","epithelial cell"
"22","MONDO:0002806","bronchogenic carcinoma","obo:RO_0004026","obo:UBERON_0002048","disease has location","lung"
"23","MONDO:0002806","bronchogenic carcinoma","obo:RO_0004026","obo:UBERON_0001558","disease has location","lower respiratory tract"
"24","MONDO:0002806","bronchogenic carcinoma","obo:RO_0004026","obo:UBERON_0002185","disease has location","bronchus"
"25","MONDO:0002806","bronchogenic carcinoma","obo:RO_0004026","obo:UBERON_0001004","disease has location","respiratory system"
"26","MONDO:0002806","bronchogenic carcinoma","obo:RO_0004026","obo:UBERON_0000915","disease has location","thoracic segment of trunk"
"27","MONDO:0002806","bronchogenic carcinoma","obo:RO_0004026","obo:UBERON_0000065","disease has location","respiratory tract"
"28","MONDO:0002806","bronchogenic carcinoma","obo:RO_0004029","obo:HP_0001824","disease has feature","weight loss"
"29","MONDO:0002806","bronchogenic carcinoma","obo:RO_0004029","obo:HP_0002105","disease has feature","hemoptysis"
"30","MONDO:0002806","bronchogenic carcinoma","obo:RO_0004029","obo:HP_0012735","disease has feature","cough"
"31","MONDO:0002806","bronchogenic carcinoma","obo:RO_0004029","obo:HP_0030828","disease has feature","wheezing"
"32","MONDO:0002806","bronchogenic carcinoma","obo:RO_0004030","obo:CL_0000066","disease arises from structure","epithelial cell"
"33","MONDO:0002806","bronchogenic carcinoma","obo:RO_0004030","obo:CL_0002328","disease arises from structure","bronchial epithelial cell"
"34","MONDO:0003050","lung large cell carcinoma","obo:RO_0002573","obo:PATO_0002097","has modifier","neoplastic, malignant"
"35","MONDO:0003050","lung large cell carcinoma","obo:RO_0004024","obo:GO_0008283","disease disrupts|disease causes disruption of","cell proliferation|cell population proliferation"
"36","MONDO:0003050","lung large cell carcinoma","obo:RO_0004026","obo:CL_0000066","disease has location","epithelial cell"
"37","MONDO:0003050","lung large cell carcinoma","obo:RO_0004026","obo:UBERON_0002048","disease has location","lung"
"38","MONDO:0003050","lung large cell carcinoma","obo:RO_0004026","obo:UBERON_0001558","disease has location","lower respiratory tract"
"39","MONDO:0003050","lung large cell carcinoma","obo:RO_0004026","obo:UBERON_0001004","disease has location","respiratory system"
"40","MONDO:0003050","lung large cell carcinoma","obo:RO_0004026","obo:UBERON_0000915","disease has location","thoracic segment of trunk"
"41","MONDO:0003050","lung large cell carcinoma","obo:RO_0004026","obo:UBERON_0000065","disease has location","respiratory tract"
"42","MONDO:0003050","lung large cell carcinoma","obo:RO_0004029","obo:HP_0001824","disease has feature","weight loss"
"43","MONDO:0003050","lung large cell carcinoma","obo:RO_0004029","obo:HP_0002105","disease has feature","hemoptysis"
"44","MONDO:0003050","lung large cell carcinoma","obo:RO_0004029","obo:HP_0012735","disease has feature","cough"
"45","MONDO:0003050","lung large cell carcinoma","obo:RO_0004029","obo:HP_0030828","disease has feature","wheezing"
"46","MONDO:0003050","lung large cell carcinoma","obo:RO_0004030","obo:CL_0000066","disease arises from structure","epithelial cell"
"47","MONDO:0003181","lung adenoid cystic carcinoma","obo:RO_0002573","obo:PATO_0002097","has modifier","neoplastic, malignant"
"48","MONDO:0003181","lung adenoid cystic carcinoma","obo:RO_0004024","obo:GO_0008283","disease disrupts|disease causes disruption of","cell proliferation|cell population proliferation"
"49","MONDO:0003181","lung adenoid cystic carcinoma","obo:RO_0004026","obo:CL_0000066","disease has location","epithelial cell"
"50","MONDO:0003181","lung adenoid cystic carcinoma","obo:RO_0004026","obo:UBERON_0002048","disease has location","lung"
"51","MONDO:0003181","lung adenoid cystic carcinoma","obo:RO_0004026","obo:UBERON_0001558","disease has location","lower respiratory tract"
"52","MONDO:0003181","lung adenoid cystic carcinoma","obo:RO_0004026","obo:UBERON_0001004","disease has location","respiratory system"
"53","MONDO:0003181","lung adenoid cystic carcinoma","obo:RO_0004026","obo:UBERON_0000915","disease has location","thoracic segment of trunk"
"54","MONDO:0003181","lung adenoid cystic carcinoma","obo:RO_0004026","obo:UBERON_0000065","disease has location","respiratory tract"
"55","MONDO:0003181","lung adenoid cystic carcinoma","obo:RO_0004029","obo:HP_0001824","disease has feature","weight loss"
"56","MONDO:0003181","lung adenoid cystic carcinoma","obo:RO_0004029","obo:HP_0002105","disease has feature","hemoptysis"
"57","MONDO:0003181","lung adenoid cystic carcinoma","obo:RO_0004029","obo:HP_0012735","disease has feature","cough"
"58","MONDO:0003181","lung adenoid cystic carcinoma","obo:RO_0004029","obo:HP_0030828","disease has feature","wheezing"
"59","MONDO:0003181","lung adenoid cystic carcinoma","obo:RO_0004030","obo:CL_0000066","disease arises from structure","epithelial cell"
"60","MONDO:0003436","lung oat cell carcinoma","obo:RO_0002573","obo:PATO_0002097","has modifier","neoplastic, malignant"
"61","MONDO:0003436","lung oat cell carcinoma","obo:RO_0002573","obo:MONDO_0021136","has modifier","rare"
"62","MONDO:0003436","lung oat cell carcinoma","obo:RO_0004020","hgnc:9884","disease has basis in dysfunction of","rb1"
"63","MONDO:0003436","lung oat cell carcinoma","obo:RO_0004024","obo:GO_0008283","disease disrupts|disease causes disruption of","cell proliferation|cell population proliferation"
"64","MONDO:0003436","lung oat cell carcinoma","obo:RO_0004026","obo:CL_0000066","disease has location","epithelial cell"
"65","MONDO:0003436","lung oat cell carcinoma","obo:RO_0004026","obo:UBERON_0002048","disease has location","lung"
"66","MONDO:0003436","lung oat cell carcinoma","obo:RO_0004026","obo:UBERON_0001558","disease has location","lower respiratory tract"
"67","MONDO:0003436","lung oat cell carcinoma","obo:RO_0004026","obo:UBERON_0001004","disease has location","respiratory system"
"68","MONDO:0003436","lung oat cell carcinoma","obo:RO_0004026","obo:UBERON_0000949","disease has location","endocrine system"
"69","MONDO:0003436","lung oat cell carcinoma","obo:RO_0004026","obo:UBERON_0002368","disease has location","endocrine gland"
"70","MONDO:0003436","lung oat cell carcinoma","obo:RO_0004026","obo:UBERON_0000915","disease has location","thoracic segment of trunk"
"71","MONDO:0003436","lung oat cell carcinoma","obo:RO_0004026","obo:UBERON_0000065","disease has location","respiratory tract"
"72","MONDO:0003436","lung oat cell carcinoma","obo:RO_0004029","obo:MONDO_0001517","disease has feature","dysentery"
"73","MONDO:0003436","lung oat cell carcinoma","obo:RO_0004029","obo:HP_0001824","disease has feature","weight loss"
"74","MONDO:0003436","lung oat cell carcinoma","obo:RO_0004029","obo:HP_0002027","disease has feature","abdominal pain"
"75","MONDO:0003436","lung oat cell carcinoma","obo:RO_0004029","obo:HP_0002105","disease has feature","hemoptysis"
"76","MONDO:0003436","lung oat cell carcinoma","obo:RO_0004029","obo:HP_0012735","disease has feature","cough"
"77","MONDO:0003436","lung oat cell carcinoma","obo:RO_0004029","obo:HP_0030828","disease has feature","wheezing"
"78","MONDO:0003436","lung oat cell carcinoma","obo:RO_0004030","obo:CL_0000066","disease arises from structure","epithelial cell"
"79","MONDO:0004332","lung hilum cancer","obo:RO_0002573","obo:PATO_0002097","has modifier","neoplastic, malignant"
"80","MONDO:0004332","lung hilum cancer","obo:RO_0004024","obo:GO_0008283","disease disrupts|disease causes disruption of","cell proliferation|cell population proliferation"
"81","MONDO:0004332","lung hilum cancer","obo:RO_0004026","obo:UBERON_0002048","disease has location","lung"
"82","MONDO:0004332","lung hilum cancer","obo:RO_0004026","obo:UBERON_0001558","disease has location","lower respiratory tract"
"83","MONDO:0004332","lung hilum cancer","obo:RO_0004026","obo:UBERON_0001004","disease has location","respiratory system"
"84","MONDO:0004332","lung hilum cancer","obo:RO_0004026","obo:UBERON_0000915","disease has location","thoracic segment of trunk"
"85","MONDO:0004332","lung hilum cancer","obo:RO_0004026","obo:UBERON_0004886","disease has location","lung hilus"
"86","MONDO:0004332","lung hilum cancer","obo:RO_0004026","obo:UBERON_0000065","disease has location","respiratory tract"
"87","MONDO:0004332","lung hilum cancer","obo:RO_0004029","obo:HP_0012735","disease has feature","cough"
"88","MONDO:0004332","lung hilum cancer","obo:RO_0004029","obo:HP_0030828","disease has feature","wheezing"
"89","MONDO:0004660","lung carcinoma in situ","obo:RO_0002573","obo:MONDO_0024493","has modifier","tumor grade 3, general grading system"
"90","MONDO:0004660","lung carcinoma in situ","obo:RO_0002573","obo:PATO_0002097","has modifier","neoplastic, malignant"
"91","MONDO:0004660","lung carcinoma in situ","obo:RO_0002573","obo:PATO_0002132","has modifier","neoplastic, non-invasive"
"92","MONDO:0004660","lung carcinoma in situ","obo:RO_0002573","obo:MONDO_0024497","has modifier","tumor grade 3 or 4, general grading system"
"93","MONDO:0004660","lung carcinoma in situ","obo:RO_0004024","obo:GO_0008283","disease disrupts|disease causes disruption of","cell proliferation|cell population proliferation"
"94","MONDO:0004660","lung carcinoma in situ","obo:RO_0004026","obo:CL_0000066","disease has location","epithelial cell"
"95","MONDO:0004660","lung carcinoma in situ","obo:RO_0004026","obo:UBERON_0002048","disease has location","lung"
"96","MONDO:0004660","lung carcinoma in situ","obo:RO_0004026","obo:UBERON_0001558","disease has location","lower respiratory tract"
"97","MONDO:0004660","lung carcinoma in situ","obo:RO_0004026","obo:UBERON_0001004","disease has location","respiratory system"
"98","MONDO:0004660","lung carcinoma in situ","obo:RO_0004026","obo:UBERON_0000915","disease has location","thoracic segment of trunk"
"99","MONDO:0004660","lung carcinoma in situ","obo:RO_0004026","obo:UBERON_0000065","disease has location","respiratory tract"
"100","MONDO:0004660","lung carcinoma in situ","obo:RO_0004029","obo:HP_0001824","disease has feature","weight loss"
"101","MONDO:0004660","lung carcinoma in situ","obo:RO_0004029","obo:HP_0002105","disease has feature","hemoptysis"
"102","MONDO:0004660","lung carcinoma in situ","obo:RO_0004029","obo:HP_0012735","disease has feature","cough"
"103","MONDO:0004660","lung carcinoma in situ","obo:RO_0004029","obo:HP_0030828","disease has feature","wheezing"
"104","MONDO:0004660","lung carcinoma in situ","obo:RO_0004030","obo:CL_0000066","disease arises from structure","epithelial cell"
"105","MONDO:0004973","adenosquamous lung carcinoma","obo:RO_0002573","obo:PATO_0002097","has modifier","neoplastic, malignant"
"106","MONDO:0004973","adenosquamous lung carcinoma","obo:RO_0004024","obo:GO_0008283","disease disrupts|disease causes disruption of","cell proliferation|cell population proliferation"
"107","MONDO:0004973","adenosquamous lung carcinoma","obo:RO_0004026","obo:CL_0000066","disease has location","epithelial cell"
"108","MONDO:0004973","adenosquamous lung carcinoma","obo:RO_0004026","obo:UBERON_0002048","disease has location","lung"
"109","MONDO:0004973","adenosquamous lung carcinoma","obo:RO_0004026","obo:UBERON_0001558","disease has location","lower respiratory tract"
"110","MONDO:0004973","adenosquamous lung carcinoma","obo:RO_0004026","obo:UBERON_0001004","disease has location","respiratory system"
"111","MONDO:0004973","adenosquamous lung carcinoma","obo:RO_0004026","obo:UBERON_0000915","disease has location","thoracic segment of trunk"
"112","MONDO:0004973","adenosquamous lung carcinoma","obo:RO_0004026","obo:UBERON_0000065","disease has location","respiratory tract"
"113","MONDO:0004973","adenosquamous lung carcinoma","obo:RO_0004029","obo:HP_0001824","disease has feature","weight loss"
"114","MONDO:0004973","adenosquamous lung carcinoma","obo:RO_0004029","obo:HP_0002105","disease has feature","hemoptysis"
"115","MONDO:0004973","adenosquamous lung carcinoma","obo:RO_0004029","obo:HP_0012735","disease has feature","cough"
"116","MONDO:0004973","adenosquamous lung carcinoma","obo:RO_0004029","obo:HP_0030828","disease has feature","wheezing"
"117","MONDO:0004973","adenosquamous lung carcinoma","obo:RO_0004030","obo:CL_0000066","disease arises from structure","epithelial cell"
"118","MONDO:0004973","adenosquamous lung carcinoma","obo:RO_0004030","obo:CL_0000076","disease arises from structure","squamous epithelial cell"
"119","MONDO:0004991","minimally invasive lung adenocarcinoma","obo:RO_0002573","obo:PATO_0002097","has modifier","neoplastic, malignant"
"120","MONDO:0004991","minimally invasive lung adenocarcinoma","obo:RO_0004024","obo:GO_0008283","disease disrupts|disease causes disruption of","cell proliferation|cell population proliferation"
"121","MONDO:0004991","minimally invasive lung adenocarcinoma","obo:RO_0004026","obo:CL_0000066","disease has location","epithelial cell"
"122","MONDO:0004991","minimally invasive lung adenocarcinoma","obo:RO_0004026","obo:UBERON_0002048","disease has location","lung"
"123","MONDO:0004991","minimally invasive lung adenocarcinoma","obo:RO_0004026","obo:UBERON_0001558","disease has location","lower respiratory tract"
"124","MONDO:0004991","minimally invasive lung adenocarcinoma","obo:RO_0004026","obo:UBERON_0001004","disease has location","respiratory system"
"125","MONDO:0004991","minimally invasive lung adenocarcinoma","obo:RO_0004026","obo:UBERON_0000915","disease has location","thoracic segment of trunk"
"126","MONDO:0004991","minimally invasive lung adenocarcinoma","obo:RO_0004026","obo:UBERON_0000065","disease has location","respiratory tract"
"127","MONDO:0004991","minimally invasive lung adenocarcinoma","obo:RO_0004029","obo:HP_0001824","disease has feature","weight loss"
"128","MONDO:0004991","minimally invasive lung adenocarcinoma","obo:RO_0004029","obo:HP_0002105","disease has feature","hemoptysis"
"129","MONDO:0004991","minimally invasive lung adenocarcinoma","obo:RO_0004029","obo:HP_0012735","disease has feature","cough"
"130","MONDO:0004991","minimally invasive lung adenocarcinoma","obo:RO_0004029","obo:HP_0030828","disease has feature","wheezing"
"131","MONDO:0004991","minimally invasive lung adenocarcinoma","obo:RO_0004030","obo:CL_0000066","disease arises from structure","epithelial cell"
"132","MONDO:0005061","lung adenocarcinoma","obo:RO_0002573","obo:PATO_0002097","has modifier","neoplastic, malignant"
"133","MONDO:0005061","lung adenocarcinoma","obo:RO_0004024","obo:GO_0008283","disease disrupts|disease causes disruption of","cell proliferation|cell population proliferation"
"134","MONDO:0005061","lung adenocarcinoma","obo:RO_0004026","obo:CL_0000066","disease has location","epithelial cell"
"135","MONDO:0005061","lung adenocarcinoma","obo:RO_0004026","obo:UBERON_0002048","disease has location","lung"
"136","MONDO:0005061","lung adenocarcinoma","obo:RO_0004026","obo:UBERON_0001558","disease has location","lower respiratory tract"
"137","MONDO:0005061","lung adenocarcinoma","obo:RO_0004026","obo:UBERON_0001004","disease has location","respiratory system"
"138","MONDO:0005061","lung adenocarcinoma","obo:RO_0004026","obo:UBERON_0000915","disease has location","thoracic segment of trunk"
"139","MONDO:0005061","lung adenocarcinoma","obo:RO_0004026","obo:UBERON_0000065","disease has location","respiratory tract"
"140","MONDO:0005061","lung adenocarcinoma","obo:RO_0004029","obo:HP_0001824","disease has feature","weight loss"
"141","MONDO:0005061","lung adenocarcinoma","obo:RO_0004029","obo:HP_0002105","disease has feature","hemoptysis"
"142","MONDO:0005061","lung adenocarcinoma","obo:RO_0004029","obo:HP_0012735","disease has feature","cough"
"143","MONDO:0005061","lung adenocarcinoma","obo:RO_0004029","obo:HP_0030828","disease has feature","wheezing"
"144","MONDO:0005061","lung adenocarcinoma","obo:RO_0004030","obo:CL_0000066","disease arises from structure","epithelial cell"
"145","MONDO:0005097","squamous cell lung carcinoma","obo:RO_0002573","obo:PATO_0002097","has modifier","neoplastic, malignant"
"146","MONDO:0005097","squamous cell lung carcinoma","obo:RO_0004024","obo:GO_0008283","disease disrupts|disease causes disruption of","cell proliferation|cell population proliferation"
"147","MONDO:0005097","squamous cell lung carcinoma","obo:RO_0004026","obo:CL_0000066","disease has location","epithelial cell"
"148","MONDO:0005097","squamous cell lung carcinoma","obo:RO_0004026","obo:UBERON_0002048","disease has location","lung"
"149","MONDO:0005097","squamous cell lung carcinoma","obo:RO_0004026","obo:UBERON_0001558","disease has location","lower respiratory tract"
"150","MONDO:0005097","squamous cell lung carcinoma","obo:RO_0004026","obo:UBERON_0001004","disease has location","respiratory system"
"151","MONDO:0005097","squamous cell lung carcinoma","obo:RO_0004026","obo:UBERON_0000915","disease has location","thoracic segment of trunk"
"152","MONDO:0005097","squamous cell lung carcinoma","obo:RO_0004026","obo:UBERON_0000065","disease has location","respiratory tract"
"153","MONDO:0005097","squamous cell lung carcinoma","obo:RO_0004029","obo:HP_0001824","disease has feature","weight loss"
"154","MONDO:0005097","squamous cell lung carcinoma","obo:RO_0004029","obo:HP_0002105","disease has feature","hemoptysis"
"155","MONDO:0005097","squamous cell lung carcinoma","obo:RO_0004029","obo:HP_0012735","disease has feature","cough"
"156","MONDO:0005097","squamous cell lung carcinoma","obo:RO_0004029","obo:HP_0030828","disease has feature","wheezing"
"157","MONDO:0005097","squamous cell lung carcinoma","obo:RO_0004030","obo:CL_0000066","disease arises from structure","epithelial cell"
"158","MONDO:0005097","squamous cell lung carcinoma","obo:RO_0004030","obo:CL_0000076","disease arises from structure","squamous epithelial cell"
"159","MONDO:0005138","lung carcinoma","obo:RO_0002573","obo:PATO_0002097","has modifier","neoplastic, malignant"
"160","MONDO:0005138","lung carcinoma","obo:RO_0004024","obo:GO_0008283","disease disrupts|disease causes disruption of","cell proliferation|cell population proliferation"
"161","MONDO:0005138","lung carcinoma","obo:RO_0004026","obo:CL_0000066","disease has location","epithelial cell"
"162","MONDO:0005138","lung carcinoma","obo:RO_0004026","obo:UBERON_0002048","disease has location","lung"
"163","MONDO:0005138","lung carcinoma","obo:RO_0004026","obo:UBERON_0001558","disease has location","lower respiratory tract"
"164","MONDO:0005138","lung carcinoma","obo:RO_0004026","obo:UBERON_0001004","disease has location","respiratory system"
"165","MONDO:0005138","lung carcinoma","obo:RO_0004026","obo:UBERON_0000915","disease has location","thoracic segment of trunk"
"166","MONDO:0005138","lung carcinoma","obo:RO_0004026","obo:UBERON_0000065","disease has location","respiratory tract"
"167","MONDO:0005138","lung carcinoma","obo:RO_0004029","obo:HP_0001824","disease has feature","weight loss"
"168","MONDO:0005138","lung carcinoma","obo:RO_0004029","obo:HP_0002105","disease has feature","hemoptysis"
"169","MONDO:0005138","lung carcinoma","obo:RO_0004029","obo:HP_0012735","disease has feature","cough"
"170","MONDO:0005138","lung carcinoma","obo:RO_0004029","obo:HP_0030828","disease has feature","wheezing"
"171","MONDO:0005138","lung carcinoma","obo:RO_0004030","obo:CL_0000066","disease arises from structure","epithelial cell"
"172","MONDO:0005233","non-small cell lung carcinoma (disease)","obo:RO_0002573","obo:PATO_0002097","has modifier","neoplastic, malignant"
"173","MONDO:0005233","non-small cell lung carcinoma (disease)","obo:RO_0004024","obo:GO_0008283","disease disrupts|disease causes disruption of","cell proliferation|cell population proliferation"
"174","MONDO:0005233","non-small cell lung carcinoma (disease)","obo:RO_0004026","obo:CL_0000066","disease has location","epithelial cell"
"175","MONDO:0005233","non-small cell lung carcinoma (disease)","obo:RO_0004026","obo:UBERON_0002048","disease has location","lung"
"176","MONDO:0005233","non-small cell lung carcinoma (disease)","obo:RO_0004026","obo:UBERON_0001558","disease has location","lower respiratory tract"
"177","MONDO:0005233","non-small cell lung carcinoma (disease)","obo:RO_0004026","obo:UBERON_0001004","disease has location","respiratory system"
"178","MONDO:0005233","non-small cell lung carcinoma (disease)","obo:RO_0004026","obo:UBERON_0000915","disease has location","thoracic segment of trunk"
"179","MONDO:0005233","non-small cell lung carcinoma (disease)","obo:RO_0004026","obo:UBERON_0000065","disease has location","respiratory tract"
"180","MONDO:0005233","non-small cell lung carcinoma (disease)","obo:RO_0004029","obo:HP_0001824","disease has feature","weight loss"
"181","MONDO:0005233","non-small cell lung carcinoma (disease)","obo:RO_0004029","obo:HP_0002105","disease has feature","hemoptysis"
"182","MONDO:0005233","non-small cell lung carcinoma (disease)","obo:RO_0004029","obo:HP_0012735","disease has feature","cough"
"183","MONDO:0005233","non-small cell lung carcinoma (disease)","obo:RO_0004029","obo:HP_0030828","disease has feature","wheezing"
"184","MONDO:0005233","non-small cell lung carcinoma (disease)","obo:RO_0004030","obo:CL_0000066","disease arises from structure","epithelial cell"
"185","MONDO:0005933","pulmonary blastoma","obo:RO_0002573","obo:PATO_0002097","has modifier","neoplastic, malignant"
"186","MONDO:0005933","pulmonary blastoma","obo:RO_0002573","obo:MONDO_0021136","has modifier","rare"
"187","MONDO:0005933","pulmonary blastoma","obo:RO_0002573","obo:PATO_0002092","has modifier","anaplastic"
"188","MONDO:0005933","pulmonary blastoma","obo:RO_0004024","obo:GO_0008283","disease disrupts|disease causes disruption of","cell proliferation|cell population proliferation"
"189","MONDO:0005933","pulmonary blastoma","obo:RO_0004026","obo:CL_0000066","disease has location","epithelial cell"
"190","MONDO:0005933","pulmonary blastoma","obo:RO_0004026","obo:UBERON_0002048","disease has location","lung"
"191","MONDO:0005933","pulmonary blastoma","obo:RO_0004026","obo:UBERON_0001558","disease has location","lower respiratory tract"
"192","MONDO:0005933","pulmonary blastoma","obo:RO_0004026","obo:UBERON_0001004","disease has location","respiratory system"
"193","MONDO:0005933","pulmonary blastoma","obo:RO_0004026","obo:UBERON_0000915","disease has location","thoracic segment of trunk"
"194","MONDO:0005933","pulmonary blastoma","obo:RO_0004026","obo:UBERON_0000065","disease has location","respiratory tract"
"195","MONDO:0005933","pulmonary blastoma","obo:RO_0004029","obo:HP_0001824","disease has feature","weight loss"
"196","MONDO:0005933","pulmonary blastoma","obo:RO_0004029","obo:HP_0002105","disease has feature","hemoptysis"
"197","MONDO:0005933","pulmonary blastoma","obo:RO_0004029","obo:HP_0012735","disease has feature","cough"
"198","MONDO:0005933","pulmonary blastoma","obo:RO_0004029","obo:HP_0030828","disease has feature","wheezing"
"199","MONDO:0005933","pulmonary blastoma","obo:RO_0004029","obo:NCIT_C37109","disease has feature","malignant epithelial spindle cell"
"200","MONDO:0005933","pulmonary blastoma","obo:RO_0004030","obo:CL_0000066","disease arises from structure","epithelial cell"
"201","MONDO:0006049","papillary lung adenocarcinoma","obo:RO_0002573","obo:PATO_0002097","has modifier","neoplastic, malignant"
"202","MONDO:0006049","papillary lung adenocarcinoma","obo:RO_0004024","obo:GO_0008283","disease disrupts|disease causes disruption of","cell proliferation|cell population proliferation"
"203","MONDO:0006049","papillary lung adenocarcinoma","obo:RO_0004026","obo:CL_0000066","disease has location","epithelial cell"
"204","MONDO:0006049","papillary lung adenocarcinoma","obo:RO_0004026","obo:UBERON_0002048","disease has location","lung"
"205","MONDO:0006049","papillary lung adenocarcinoma","obo:RO_0004026","obo:UBERON_0001558","disease has location","lower respiratory tract"
"206","MONDO:0006049","papillary lung adenocarcinoma","obo:RO_0004026","obo:UBERON_0001004","disease has location","respiratory system"
"207","MONDO:0006049","papillary lung adenocarcinoma","obo:RO_0004026","obo:UBERON_0000915","disease has location","thoracic segment of trunk"
"208","MONDO:0006049","papillary lung adenocarcinoma","obo:RO_0004026","obo:UBERON_0000065","disease has location","respiratory tract"
"209","MONDO:0006049","papillary lung adenocarcinoma","obo:RO_0004029","obo:HP_0001824","disease has feature","weight loss"
"210","MONDO:0006049","papillary lung adenocarcinoma","obo:RO_0004029","obo:HP_0002105","disease has feature","hemoptysis"
"211","MONDO:0006049","papillary lung adenocarcinoma","obo:RO_0004029","obo:HP_0012735","disease has feature","cough"
"212","MONDO:0006049","papillary lung adenocarcinoma","obo:RO_0004029","obo:HP_0030828","disease has feature","wheezing"
"213","MONDO:0006049","papillary lung adenocarcinoma","obo:RO_0004030","obo:CL_0000066","disease arises from structure","epithelial cell"
"214","MONDO:0006275","lung giant cell carcinoma","obo:RO_0002573","obo:PATO_0002097","has modifier","neoplastic, malignant"
"215","MONDO:0006275","lung giant cell carcinoma","obo:RO_0002573","obo:PATO_0002092","has modifier","anaplastic"
"216","MONDO:0006275","lung giant cell carcinoma","obo:RO_0004024","obo:GO_0008283","disease disrupts|disease causes disruption of","cell proliferation|cell population proliferation"
"217","MONDO:0006275","lung giant cell carcinoma","obo:RO_0004026","obo:CL_0000066","disease has location","epithelial cell"
"218","MONDO:0006275","lung giant cell carcinoma","obo:RO_0004026","obo:UBERON_0002048","disease has location","lung"
"219","MONDO:0006275","lung giant cell carcinoma","obo:RO_0004026","obo:UBERON_0001558","disease has location","lower respiratory tract"
"220","MONDO:0006275","lung giant cell carcinoma","obo:RO_0004026","obo:UBERON_0001004","disease has location","respiratory system"
"221","MONDO:0006275","lung giant cell carcinoma","obo:RO_0004026","obo:UBERON_0000915","disease has location","thoracic segment of trunk"
"222","MONDO:0006275","lung giant cell carcinoma","obo:RO_0004026","obo:UBERON_0000065","disease has location","respiratory tract"
"223","MONDO:0006275","lung giant cell carcinoma","obo:RO_0004029","obo:HP_0001824","disease has feature","weight loss"
"224","MONDO:0006275","lung giant cell carcinoma","obo:RO_0004029","obo:HP_0002105","disease has feature","hemoptysis"
"225","MONDO:0006275","lung giant cell carcinoma","obo:RO_0004029","obo:HP_0012735","disease has feature","cough"
"226","MONDO:0006275","lung giant cell carcinoma","obo:RO_0004029","obo:HP_0030828","disease has feature","wheezing"
"227","MONDO:0006275","lung giant cell carcinoma","obo:RO_0004029","obo:NCIT_C37109","disease has feature","malignant epithelial spindle cell"
"228","MONDO:0006275","lung giant cell carcinoma","obo:RO_0004030","obo:CL_0000066","disease arises from structure","epithelial cell"
"229","MONDO:0006277","lung lymphangioleiomyomatosis","obo:RO_0002573","obo:PATO_0002097","has modifier","neoplastic, malignant"
"230","MONDO:0006277","lung lymphangioleiomyomatosis","obo:RO_0002573","obo:MONDO_0021136","has modifier","rare"
"231","MONDO:0006277","lung lymphangioleiomyomatosis","obo:RO_0004024","obo:GO_0008283","disease disrupts|disease causes disruption of","cell proliferation|cell population proliferation"
"232","MONDO:0006277","lung lymphangioleiomyomatosis","obo:RO_0004026","obo:CL_0000066","disease has location","epithelial cell"
"233","MONDO:0006277","lung lymphangioleiomyomatosis","obo:RO_0004026","obo:UBERON_0002048","disease has location","lung"
"234","MONDO:0006277","lung lymphangioleiomyomatosis","obo:RO_0004026","obo:UBERON_0001558","disease has location","lower respiratory tract"
"235","MONDO:0006277","lung lymphangioleiomyomatosis","obo:RO_0004026","obo:UBERON_0001004","disease has location","respiratory system"
"236","MONDO:0006277","lung lymphangioleiomyomatosis","obo:RO_0004026","obo:UBERON_0000915","disease has location","thoracic segment of trunk"
"237","MONDO:0006277","lung lymphangioleiomyomatosis","obo:RO_0004026","obo:UBERON_0000065","disease has location","respiratory tract"
"238","MONDO:0006277","lung lymphangioleiomyomatosis","obo:RO_0004029","obo:HP_0001824","disease has feature","weight loss"
"239","MONDO:0006277","lung lymphangioleiomyomatosis","obo:RO_0004029","obo:HP_0002105","disease has feature","hemoptysis"
"240","MONDO:0006277","lung lymphangioleiomyomatosis","obo:RO_0004029","obo:HP_0012735","disease has feature","cough"
"241","MONDO:0006277","lung lymphangioleiomyomatosis","obo:RO_0004029","obo:HP_0030828","disease has feature","wheezing"
"242","MONDO:0006277","lung lymphangioleiomyomatosis","obo:RO_0004030","obo:CL_0000066","disease arises from structure","epithelial cell"
"243","MONDO:0006279","lung sarcomatoid carcinoma","obo:RO_0002573","obo:PATO_0002097","has modifier","neoplastic, malignant"
"244","MONDO:0006279","lung sarcomatoid carcinoma","obo:RO_0002573","obo:PATO_0002092","has modifier","anaplastic"
"245","MONDO:0006279","lung sarcomatoid carcinoma","obo:RO_0004024","obo:GO_0008283","disease disrupts|disease causes disruption of","cell proliferation|cell population proliferation"
"246","MONDO:0006279","lung sarcomatoid carcinoma","obo:RO_0004026","obo:CL_0000066","disease has location","epithelial cell"
"247","MONDO:0006279","lung sarcomatoid carcinoma","obo:RO_0004026","obo:UBERON_0002048","disease has location","lung"
"248","MONDO:0006279","lung sarcomatoid carcinoma","obo:RO_0004026","obo:UBERON_0001558","disease has location","lower respiratory tract"
"249","MONDO:0006279","lung sarcomatoid carcinoma","obo:RO_0004026","obo:UBERON_0001004","disease has location","respiratory system"
"250","MONDO:0006279","lung sarcomatoid carcinoma","obo:RO_0004026","obo:UBERON_0000915","disease has location","thoracic segment of trunk"
"251","MONDO:0006279","lung sarcomatoid carcinoma","obo:RO_0004026","obo:UBERON_0000065","disease has location","respiratory tract"
"252","MONDO:0006279","lung sarcomatoid carcinoma","obo:RO_0004029","obo:HP_0001824","disease has feature","weight loss"
"253","MONDO:0006279","lung sarcomatoid carcinoma","obo:RO_0004029","obo:HP_0002105","disease has feature","hemoptysis"
"254","MONDO:0006279","lung sarcomatoid carcinoma","obo:RO_0004029","obo:HP_0012735","disease has feature","cough"
"255","MONDO:0006279","lung sarcomatoid carcinoma","obo:RO_0004029","obo:HP_0030828","disease has feature","wheezing"
"256","MONDO:0006279","lung sarcomatoid carcinoma","obo:RO_0004029","obo:NCIT_C37109","disease has feature","malignant epithelial spindle cell"
"257","MONDO:0006279","lung sarcomatoid carcinoma","obo:RO_0004030","obo:CL_0000066","disease arises from structure","epithelial cell"
"258","MONDO:0006281","lung signet ring cell carcinoma","obo:RO_0002573","obo:PATO_0002097","has modifier","neoplastic, malignant"
"259","MONDO:0006281","lung signet ring cell carcinoma","obo:RO_0004024","obo:GO_0008283","disease disrupts|disease causes disruption of","cell proliferation|cell population proliferation"
"260","MONDO:0006281","lung signet ring cell carcinoma","obo:RO_0004026","obo:CL_0000066","disease has location","epithelial cell"
"261","MONDO:0006281","lung signet ring cell carcinoma","obo:RO_0004026","obo:UBERON_0002048","disease has location","lung"
"262","MONDO:0006281","lung signet ring cell carcinoma","obo:RO_0004026","obo:UBERON_0001558","disease has location","lower respiratory tract"
"263","MONDO:0006281","lung signet ring cell carcinoma","obo:RO_0004026","obo:UBERON_0001004","disease has location","respiratory system"
"264","MONDO:0006281","lung signet ring cell carcinoma","obo:RO_0004026","obo:UBERON_0000915","disease has location","thoracic segment of trunk"
"265","MONDO:0006281","lung signet ring cell carcinoma","obo:RO_0004026","obo:UBERON_0000065","disease has location","respiratory tract"
"266","MONDO:0006281","lung signet ring cell carcinoma","obo:RO_0004029","obo:HP_0001824","disease has feature","weight loss"
"267","MONDO:0006281","lung signet ring cell carcinoma","obo:RO_0004029","obo:HP_0002105","disease has feature","hemoptysis"
"268","MONDO:0006281","lung signet ring cell carcinoma","obo:RO_0004029","obo:HP_0012735","disease has feature","cough"
"269","MONDO:0006281","lung signet ring cell carcinoma","obo:RO_0004029","obo:HP_0030828","disease has feature","wheezing"
"270","MONDO:0006281","lung signet ring cell carcinoma","obo:RO_0004030","obo:CL_0000066","disease arises from structure","epithelial cell"
"271","MONDO:0008433","small cell lung carcinoma","obo:RO_0002573","obo:PATO_0002097","has modifier","neoplastic, malignant"
"272","MONDO:0008433","small cell lung carcinoma","obo:RO_0002573","obo:MONDO_0021136","has modifier","rare"
"273","MONDO:0008433","small cell lung carcinoma","obo:RO_0004020","hgnc:9884","disease has basis in dysfunction of","rb1"
"274","MONDO:0008433","small cell lung carcinoma","obo:RO_0004024","obo:GO_0008283","disease disrupts|disease causes disruption of","cell proliferation|cell population proliferation"
"275","MONDO:0008433","small cell lung carcinoma","obo:RO_0004026","obo:CL_0000066","disease has location","epithelial cell"
"276","MONDO:0008433","small cell lung carcinoma","obo:RO_0004026","obo:UBERON_0002048","disease has location","lung"
"277","MONDO:0008433","small cell lung carcinoma","obo:RO_0004026","obo:UBERON_0001558","disease has location","lower respiratory tract"
"278","MONDO:0008433","small cell lung carcinoma","obo:RO_0004026","obo:UBERON_0001004","disease has location","respiratory system"
"279","MONDO:0008433","small cell lung carcinoma","obo:RO_0004026","obo:UBERON_0000949","disease has location","endocrine system"
"280","MONDO:0008433","small cell lung carcinoma","obo:RO_0004026","obo:UBERON_0002368","disease has location","endocrine gland"
"281","MONDO:0008433","small cell lung carcinoma","obo:RO_0004026","obo:UBERON_0000915","disease has location","thoracic segment of trunk"
"282","MONDO:0008433","small cell lung carcinoma","obo:RO_0004026","obo:UBERON_0000065","disease has location","respiratory tract"
"283","MONDO:0008433","small cell lung carcinoma","obo:RO_0004029","obo:MONDO_0001517","disease has feature","dysentery"
"284","MONDO:0008433","small cell lung carcinoma","obo:RO_0004029","obo:HP_0001824","disease has feature","weight loss"
"285","MONDO:0008433","small cell lung carcinoma","obo:RO_0004029","obo:HP_0002027","disease has feature","abdominal pain"
"286","MONDO:0008433","small cell lung carcinoma","obo:RO_0004029","obo:HP_0002105","disease has feature","hemoptysis"
"287","MONDO:0008433","small cell lung carcinoma","obo:RO_0004029","obo:HP_0012735","disease has feature","cough"
"288","MONDO:0008433","small cell lung carcinoma","obo:RO_0004029","obo:HP_0030828","disease has feature","wheezing"
"289","MONDO:0008433","small cell lung carcinoma","obo:RO_0004030","obo:CL_0000066","disease arises from structure","epithelial cell"
"290","MONDO:0008903","lung cancer","obo:RO_0002573","obo:PATO_0002097","has modifier","neoplastic, malignant"
"291","MONDO:0008903","lung cancer","obo:RO_0004024","obo:GO_0008283","disease disrupts|disease causes disruption of","cell proliferation|cell population proliferation"
"292","MONDO:0008903","lung cancer","obo:RO_0004026","obo:UBERON_0002048","disease has location","lung"
"293","MONDO:0008903","lung cancer","obo:RO_0004026","obo:UBERON_0001558","disease has location","lower respiratory tract"
"294","MONDO:0008903","lung cancer","obo:RO_0004026","obo:UBERON_0001004","disease has location","respiratory system"
"295","MONDO:0008903","lung cancer","obo:RO_0004026","obo:UBERON_0000915","disease has location","thoracic segment of trunk"
"296","MONDO:0008903","lung cancer","obo:RO_0004026","obo:UBERON_0000065","disease has location","respiratory tract"
"297","MONDO:0008903","lung cancer","obo:RO_0004029","obo:HP_0012735","disease has feature","cough"
"298","MONDO:0008903","lung cancer","obo:RO_0004029","obo:HP_0030828","disease has feature","wheezing"
"299","MONDO:0011014","pleuropulmonary blastoma","obo:RO_0002573","obo:HP_0011463","has modifier","childhood onset"
"300","MONDO:0011014","pleuropulmonary blastoma","obo:RO_0002573","obo:PATO_0002097","has modifier","neoplastic, malignant"
"301","MONDO:0011014","pleuropulmonary blastoma","obo:RO_0002573","obo:MONDO_0021136","has modifier","rare"
"302","MONDO:0011014","pleuropulmonary blastoma","obo:RO_0002573","obo:PATO_0002092","has modifier","anaplastic"
"303","MONDO:0011014","pleuropulmonary blastoma","obo:RO_0004020","hgnc:17098","disease has basis in dysfunction of","dicer1"
"304","MONDO:0011014","pleuropulmonary blastoma","obo:RO_0004024","obo:GO_0008283","disease disrupts|disease causes disruption of","cell proliferation|cell population proliferation"
"305","MONDO:0011014","pleuropulmonary blastoma","obo:RO_0004026","obo:CL_0000066","disease has location","epithelial cell"
"306","MONDO:0011014","pleuropulmonary blastoma","obo:RO_0004026","obo:UBERON_0002048","disease has location","lung"
"307","MONDO:0011014","pleuropulmonary blastoma","obo:RO_0004026","obo:UBERON_0001558","disease has location","lower respiratory tract"
"308","MONDO:0011014","pleuropulmonary blastoma","obo:RO_0004026","obo:UBERON_0001004","disease has location","respiratory system"
"309","MONDO:0011014","pleuropulmonary blastoma","obo:RO_0004026","obo:UBERON_0000915","disease has location","thoracic segment of trunk"
"310","MONDO:0011014","pleuropulmonary blastoma","obo:RO_0004026","obo:UBERON_0000065","disease has location","respiratory tract"
"311","MONDO:0011014","pleuropulmonary blastoma","obo:RO_0004029","obo:HP_0001824","disease has feature","weight loss"
"312","MONDO:0011014","pleuropulmonary blastoma","obo:RO_0004029","obo:HP_0002105","disease has feature","hemoptysis"
"313","MONDO:0011014","pleuropulmonary blastoma","obo:RO_0004029","obo:HP_0012735","disease has feature","cough"
"314","MONDO:0011014","pleuropulmonary blastoma","obo:RO_0004029","obo:HP_0030828","disease has feature","wheezing"
"315","MONDO:0011014","pleuropulmonary blastoma","obo:RO_0004029","obo:NCIT_C37109","disease has feature","malignant epithelial spindle cell"
"316","MONDO:0011014","pleuropulmonary blastoma","obo:RO_0004030","obo:CL_0000066","disease arises from structure","epithelial cell"
"317","MONDO:0016644","Logopenic progressive aphasia","obo:RO_0002573","obo:PATO_0002097","has modifier","neoplastic, malignant"
"318","MONDO:0016644","Logopenic progressive aphasia","obo:RO_0002573","obo:MONDO_0021136","has modifier","rare"
"319","MONDO:0016644","Logopenic progressive aphasia","obo:RO_0004024","obo:GO_0008283","disease disrupts|disease causes disruption of","cell proliferation|cell population proliferation"
"320","MONDO:0016644","Logopenic progressive aphasia","obo:RO_0004024","obo:MF_0000008","disease disrupts|disease causes disruption of","cognitive process"
"321","MONDO:0016644","Logopenic progressive aphasia","obo:RO_0004024","obo:MF_0000020","disease disrupts|disease causes disruption of","mental process"
"322","MONDO:0016644","Logopenic progressive aphasia","obo:RO_0004026","obo:CL_0000066","disease has location","epithelial cell"
"323","MONDO:0016644","Logopenic progressive aphasia","obo:RO_0004026","obo:UBERON_0002048","disease has location","lung"
"324","MONDO:0016644","Logopenic progressive aphasia","obo:RO_0004026","obo:UBERON_0001558","disease has location","lower respiratory tract"
"325","MONDO:0016644","Logopenic progressive aphasia","obo:RO_0004026","obo:UBERON_0001004","disease has location","respiratory system"
"326","MONDO:0016644","Logopenic progressive aphasia","obo:RO_0004026","obo:UBERON_0001017","disease has location","central nervous system"
"327","MONDO:0016644","Logopenic progressive aphasia","obo:RO_0004026","obo:UBERON_0000915","disease has location","thoracic segment of trunk"
"328","MONDO:0016644","Logopenic progressive aphasia","obo:RO_0004026","obo:UBERON_0001016","disease has location","nervous system"
"329","MONDO:0016644","Logopenic progressive aphasia","obo:RO_0004026","obo:UBERON_0000065","disease has location","respiratory tract"
"330","MONDO:0016644","Logopenic progressive aphasia","obo:RO_0004029","obo:HP_0001824","disease has feature","weight loss"
"331","MONDO:0016644","Logopenic progressive aphasia","obo:RO_0004029","obo:HP_0002105","disease has feature","hemoptysis"
"332","MONDO:0016644","Logopenic progressive aphasia","obo:RO_0004029","obo:HP_0012735","disease has feature","cough"
"333","MONDO:0016644","Logopenic progressive aphasia","obo:RO_0004029","obo:HP_0030828","disease has feature","wheezing"
"334","MONDO:0016644","Logopenic progressive aphasia","obo:RO_0004030","obo:CL_0000066","disease arises from structure","epithelial cell"
"335","MONDO:0016644","Logopenic progressive aphasia","obo:mondo#disease_has_major_feature","obo:HP_0000726",NA,"dementia"
"336","MONDO:0016644","Logopenic progressive aphasia","obo:mondo#disease_has_major_feature","obo:HP_0007313",NA,"cerebral degeneration"
"337","MONDO:0017292","well-differentiated fetal adenocarcinoma of the lung","obo:RO_0002573","obo:PATO_0002097","has modifier","neoplastic, malignant"
"338","MONDO:0017292","well-differentiated fetal adenocarcinoma of the lung","obo:RO_0002573","obo:MONDO_0021136","has modifier","rare"
"339","MONDO:0017292","well-differentiated fetal adenocarcinoma of the lung","obo:RO_0004024","obo:GO_0008283","disease disrupts|disease causes disruption of","cell proliferation|cell population proliferation"
"340","MONDO:0017292","well-differentiated fetal adenocarcinoma of the lung","obo:RO_0004026","obo:CL_0000066","disease has location","epithelial cell"
"341","MONDO:0017292","well-differentiated fetal adenocarcinoma of the lung","obo:RO_0004026","obo:UBERON_0002048","disease has location","lung"
"342","MONDO:0017292","well-differentiated fetal adenocarcinoma of the lung","obo:RO_0004026","obo:UBERON_0001558","disease has location","lower respiratory tract"
"343","MONDO:0017292","well-differentiated fetal adenocarcinoma of the lung","obo:RO_0004026","obo:UBERON_0001004","disease has location","respiratory system"
"344","MONDO:0017292","well-differentiated fetal adenocarcinoma of the lung","obo:RO_0004026","obo:UBERON_0000915","disease has location","thoracic segment of trunk"
"345","MONDO:0017292","well-differentiated fetal adenocarcinoma of the lung","obo:RO_0004026","obo:UBERON_0000065","disease has location","respiratory tract"
"346","MONDO:0017292","well-differentiated fetal adenocarcinoma of the lung","obo:RO_0004029","obo:HP_0001824","disease has feature","weight loss"
"347","MONDO:0017292","well-differentiated fetal adenocarcinoma of the lung","obo:RO_0004029","obo:HP_0002105","disease has feature","hemoptysis"
"348","MONDO:0017292","well-differentiated fetal adenocarcinoma of the lung","obo:RO_0004029","obo:HP_0012735","disease has feature","cough"
"349","MONDO:0017292","well-differentiated fetal adenocarcinoma of the lung","obo:RO_0004029","obo:HP_0030828","disease has feature","wheezing"
"350","MONDO:0017292","well-differentiated fetal adenocarcinoma of the lung","obo:RO_0004030","obo:CL_0000066","disease arises from structure","epithelial cell"
"351","MONDO:0020555","pleuropulmonary blastoma type 1","obo:RO_0002573","obo:HP_0011463","has modifier","childhood onset"
"352","MONDO:0020555","pleuropulmonary blastoma type 1","obo:RO_0002573","obo:PATO_0002097","has modifier","neoplastic, malignant"
"353","MONDO:0020555","pleuropulmonary blastoma type 1","obo:RO_0002573","obo:MONDO_0021136","has modifier","rare"
"354","MONDO:0020555","pleuropulmonary blastoma type 1","obo:RO_0002573","obo:PATO_0002092","has modifier","anaplastic"
"355","MONDO:0020555","pleuropulmonary blastoma type 1","obo:RO_0004020","hgnc:17098","disease has basis in dysfunction of","dicer1"
"356","MONDO:0020555","pleuropulmonary blastoma type 1","obo:RO_0004024","obo:GO_0008283","disease disrupts|disease causes disruption of","cell proliferation|cell population proliferation"
"357","MONDO:0020555","pleuropulmonary blastoma type 1","obo:RO_0004026","obo:CL_0000066","disease has location","epithelial cell"
"358","MONDO:0020555","pleuropulmonary blastoma type 1","obo:RO_0004026","obo:UBERON_0002048","disease has location","lung"
"359","MONDO:0020555","pleuropulmonary blastoma type 1","obo:RO_0004026","obo:UBERON_0001558","disease has location","lower respiratory tract"
"360","MONDO:0020555","pleuropulmonary blastoma type 1","obo:RO_0004026","obo:UBERON_0001004","disease has location","respiratory system"
"361","MONDO:0020555","pleuropulmonary blastoma type 1","obo:RO_0004026","obo:UBERON_0000915","disease has location","thoracic segment of trunk"
"362","MONDO:0020555","pleuropulmonary blastoma type 1","obo:RO_0004026","obo:UBERON_0000065","disease has location","respiratory tract"
"363","MONDO:0020555","pleuropulmonary blastoma type 1","obo:RO_0004029","obo:HP_0001824","disease has feature","weight loss"
"364","MONDO:0020555","pleuropulmonary blastoma type 1","obo:RO_0004029","obo:HP_0002105","disease has feature","hemoptysis"
"365","MONDO:0020555","pleuropulmonary blastoma type 1","obo:RO_0004029","obo:HP_0012735","disease has feature","cough"
"366","MONDO:0020555","pleuropulmonary blastoma type 1","obo:RO_0004029","obo:HP_0030828","disease has feature","wheezing"
"367","MONDO:0020555","pleuropulmonary blastoma type 1","obo:RO_0004029","obo:NCIT_C37109","disease has feature","malignant epithelial spindle cell"
"368","MONDO:0020555","pleuropulmonary blastoma type 1","obo:RO_0004030","obo:CL_0000066","disease arises from structure","epithelial cell"
"369","MONDO:0020556","pleuropulmonary blastoma type 2","obo:RO_0002573","obo:HP_0011463","has modifier","childhood onset"
"370","MONDO:0020556","pleuropulmonary blastoma type 2","obo:RO_0002573","obo:PATO_0002097","has modifier","neoplastic, malignant"
"371","MONDO:0020556","pleuropulmonary blastoma type 2","obo:RO_0002573","obo:MONDO_0021136","has modifier","rare"
"372","MONDO:0020556","pleuropulmonary blastoma type 2","obo:RO_0002573","obo:PATO_0002092","has modifier","anaplastic"
"373","MONDO:0020556","pleuropulmonary blastoma type 2","obo:RO_0004020","hgnc:17098","disease has basis in dysfunction of","dicer1"
"374","MONDO:0020556","pleuropulmonary blastoma type 2","obo:RO_0004024","obo:GO_0008283","disease disrupts|disease causes disruption of","cell proliferation|cell population proliferation"
"375","MONDO:0020556","pleuropulmonary blastoma type 2","obo:RO_0004026","obo:CL_0000066","disease has location","epithelial cell"
"376","MONDO:0020556","pleuropulmonary blastoma type 2","obo:RO_0004026","obo:UBERON_0002048","disease has location","lung"
"377","MONDO:0020556","pleuropulmonary blastoma type 2","obo:RO_0004026","obo:UBERON_0001558","disease has location","lower respiratory tract"
"378","MONDO:0020556","pleuropulmonary blastoma type 2","obo:RO_0004026","obo:UBERON_0001004","disease has location","respiratory system"
"379","MONDO:0020556","pleuropulmonary blastoma type 2","obo:RO_0004026","obo:UBERON_0000915","disease has location","thoracic segment of trunk"
"380","MONDO:0020556","pleuropulmonary blastoma type 2","obo:RO_0004026","obo:UBERON_0000065","disease has location","respiratory tract"
"381","MONDO:0020556","pleuropulmonary blastoma type 2","obo:RO_0004029","obo:HP_0001824","disease has feature","weight loss"
"382","MONDO:0020556","pleuropulmonary blastoma type 2","obo:RO_0004029","obo:HP_0002105","disease has feature","hemoptysis"
"383","MONDO:0020556","pleuropulmonary blastoma type 2","obo:RO_0004029","obo:HP_0012735","disease has feature","cough"
"384","MONDO:0020556","pleuropulmonary blastoma type 2","obo:RO_0004029","obo:HP_0030828","disease has feature","wheezing"
"385","MONDO:0020556","pleuropulmonary blastoma type 2","obo:RO_0004029","obo:NCIT_C37109","disease has feature","malignant epithelial spindle cell"
"386","MONDO:0020556","pleuropulmonary blastoma type 2","obo:RO_0004030","obo:CL_0000066","disease arises from structure","epithelial cell"
"387","MONDO:0020557","pleuropulmonary blastoma type 3","obo:RO_0002573","obo:HP_0011463","has modifier","childhood onset"
"388","MONDO:0020557","pleuropulmonary blastoma type 3","obo:RO_0002573","obo:PATO_0002097","has modifier","neoplastic, malignant"
"389","MONDO:0020557","pleuropulmonary blastoma type 3","obo:RO_0002573","obo:MONDO_0021136","has modifier","rare"
"390","MONDO:0020557","pleuropulmonary blastoma type 3","obo:RO_0002573","obo:PATO_0002092","has modifier","anaplastic"
"391","MONDO:0020557","pleuropulmonary blastoma type 3","obo:RO_0004020","hgnc:17098","disease has basis in dysfunction of","dicer1"
"392","MONDO:0020557","pleuropulmonary blastoma type 3","obo:RO_0004024","obo:GO_0008283","disease disrupts|disease causes disruption of","cell proliferation|cell population proliferation"
"393","MONDO:0020557","pleuropulmonary blastoma type 3","obo:RO_0004026","obo:CL_0000066","disease has location","epithelial cell"
"394","MONDO:0020557","pleuropulmonary blastoma type 3","obo:RO_0004026","obo:UBERON_0002048","disease has location","lung"
"395","MONDO:0020557","pleuropulmonary blastoma type 3","obo:RO_0004026","obo:UBERON_0001558","disease has location","lower respiratory tract"
"396","MONDO:0020557","pleuropulmonary blastoma type 3","obo:RO_0004026","obo:UBERON_0001004","disease has location","respiratory system"
"397","MONDO:0020557","pleuropulmonary blastoma type 3","obo:RO_0004026","obo:UBERON_0000915","disease has location","thoracic segment of trunk"
"398","MONDO:0020557","pleuropulmonary blastoma type 3","obo:RO_0004026","obo:UBERON_0000065","disease has location","respiratory tract"
"399","MONDO:0020557","pleuropulmonary blastoma type 3","obo:RO_0004029","obo:HP_0001824","disease has feature","weight loss"
"400","MONDO:0020557","pleuropulmonary blastoma type 3","obo:RO_0004029","obo:HP_0002105","disease has feature","hemoptysis"
"401","MONDO:0020557","pleuropulmonary blastoma type 3","obo:RO_0004029","obo:HP_0012735","disease has feature","cough"
"402","MONDO:0020557","pleuropulmonary blastoma type 3","obo:RO_0004029","obo:HP_0030828","disease has feature","wheezing"
"403","MONDO:0020557","pleuropulmonary blastoma type 3","obo:RO_0004029","obo:NCIT_C37109","disease has feature","malignant epithelial spindle cell"
"404","MONDO:0020557","pleuropulmonary blastoma type 3","obo:RO_0004030","obo:CL_0000066","disease arises from structure","epithelial cell"
"405","MONDO:0023275","Graham-Boyle-Troxell syndrome","obo:RO_0002573","obo:PATO_0002097","has modifier","neoplastic, malignant"
"406","MONDO:0023275","Graham-Boyle-Troxell syndrome","obo:RO_0002573","obo:MONDO_0021127","has modifier","has a syndromic presentation"
"407","MONDO:0023275","Graham-Boyle-Troxell syndrome","obo:RO_0002573","obo:MONDO_0021140","has modifier","congenital"
"408","MONDO:0023275","Graham-Boyle-Troxell syndrome","obo:RO_0002573","obo:MONDO_0021136","has modifier","rare"
"409","MONDO:0023275","Graham-Boyle-Troxell syndrome","obo:RO_0004021","obo:GO_0048598","disease caused by disruption of|disease has basis in disruption of","embryonic morphogenesis"
"410","MONDO:0023275","Graham-Boyle-Troxell syndrome","obo:RO_0004024","obo:GO_0008283","disease disrupts|disease causes disruption of","cell proliferation|cell population proliferation"
"411","MONDO:0023275","Graham-Boyle-Troxell syndrome","obo:RO_0004024","obo:GO_0032502","disease disrupts|disease causes disruption of","developmental process"
"412","MONDO:0023275","Graham-Boyle-Troxell syndrome","obo:RO_0004026","obo:UBERON_0002048","disease has location","lung"
"413","MONDO:0023275","Graham-Boyle-Troxell syndrome","obo:RO_0004026","obo:UBERON_0001558","disease has location","lower respiratory tract"
"414","MONDO:0023275","Graham-Boyle-Troxell syndrome","obo:RO_0004026","obo:UBERON_0001004","disease has location","respiratory system"
"415","MONDO:0023275","Graham-Boyle-Troxell syndrome","obo:RO_0004026","obo:UBERON_0000915","disease has location","thoracic segment of trunk"
"416","MONDO:0023275","Graham-Boyle-Troxell syndrome","obo:RO_0004026","obo:UBERON_0002113","disease has location","kidney"
"417","MONDO:0023275","Graham-Boyle-Troxell syndrome","obo:RO_0004026","obo:UBERON_0001008","disease has location","renal system"
"418","MONDO:0023275","Graham-Boyle-Troxell syndrome","obo:RO_0004026","obo:UBERON_0000065","disease has location","respiratory tract"
"419","MONDO:0023275","Graham-Boyle-Troxell syndrome","obo:RO_0004026","obo:UBERON_0002417","disease has location","abdominal segment of trunk"
"420","MONDO:0023275","Graham-Boyle-Troxell syndrome","obo:RO_0004029","obo:HP_0012735","disease has feature","cough"
"421","MONDO:0023275","Graham-Boyle-Troxell syndrome","obo:RO_0004029","obo:HP_0030828","disease has feature","wheezing"
