"","mid","ml","approxDepth","pathFamily","assertionOrientation","assertedPredicate","versionedIcd","iplstr"
"1","MONDO:0002806","bronchogenic carcinoma",23,"mondo->icd","forward","mydata:mdbxr","ICD9CM:162.9","Malignant neoplasm of bronchus and lung, unspecified"
"2","MONDO:0005097","squamous cell lung carcinoma",22,"mondo->icd","forward","mydata:mdbxr","ICD9CM:162.9","Malignant neoplasm of bronchus and lung, unspecified"
"3","MONDO:0005933","pulmonary blastoma",29,"mondo->icd","forward","mydata:mdbxr","ICD9CM:162.9","Malignant neoplasm of bronchus and lung, unspecified"
"4","MONDO:0006275","lung giant cell carcinoma",26,"mondo->icd","forward","mydata:mdbxr","ICD9CM:162.9","Malignant neoplasm of bronchus and lung, unspecified"
"5","MONDO:0003436","lung oat cell carcinoma",29,"mondo->icd","forward","mydata:mdbxr","ICD9CM:162.9","Malignant neoplasm of bronchus and lung, unspecified"
"6","MONDO:0004973","adenosquamous lung carcinoma",26,"mondo->icd","forward","mydata:mdbxr","ICD9CM:162.9","Malignant neoplasm of bronchus and lung, unspecified"
"7","MONDO:0003050","lung large cell carcinoma",22,"mondo->icd","forward","mydata:mdbxr","ICD9CM:162.9","Malignant neoplasm of bronchus and lung, unspecified"
"8","MONDO:0004660","lung carcinoma in situ",23,"mondo->icd","forward","mydata:mdbxr","ICD9CM:231.2","Carcinoma in situ of bronchus and lung"
"9","MONDO:0011014","pleuropulmonary blastoma",32,"mondo->icd","forward","mydata:mdbxr","ICD9CM:162.9","Malignant neoplasm of bronchus and lung, unspecified"
"10","MONDO:0003181","lung adenoid cystic carcinoma",25,"mondo->icd","forward","mydata:mdbxr","ICD9CM:162.9","Malignant neoplasm of bronchus and lung, unspecified"
"11","MONDO:0006049","papillary lung adenocarcinoma",27,"mondo->icd","forward","mydata:mdbxr","ICD9CM:162.9","Malignant neoplasm of bronchus and lung, unspecified"
"13","MONDO:0020555","pleuropulmonary blastoma type 1",33,"mondo->icd","forward","mydata:mdbxr","ICD9CM:162.9","Malignant neoplasm of bronchus and lung, unspecified"
"14","MONDO:0020556","pleuropulmonary blastoma type 2",33,"mondo->icd","forward","mydata:mdbxr","ICD9CM:162.9","Malignant neoplasm of bronchus and lung, unspecified"
"15","MONDO:0020557","pleuropulmonary blastoma type 3",33,"mondo->icd","forward","mydata:mdbxr","ICD9CM:162.9","Malignant neoplasm of bronchus and lung, unspecified"
"16","MONDO:0008433","small cell lung carcinoma",28,"mondo->icd","forward","mydata:mdbxr","ICD9CM:162.9","Malignant neoplasm of bronchus and lung, unspecified"
"18","MONDO:0006281","lung signet ring cell carcinoma",25,"mondo->icd","forward","mydata:mdbxr","ICD9CM:162.9","Malignant neoplasm of bronchus and lung, unspecified"
"23","MONDO:0008903","lung cancer",16,"mondo->icd","forward","mydata:mdbxr","ICD9CM:162.9","Malignant neoplasm of bronchus and lung, unspecified"
"24","MONDO:0004991","minimally invasive lung adenocarcinoma",24,"mondo->icd","forward","mydata:mdbxr","ICD9CM:162.9","Malignant neoplasm of bronchus and lung, unspecified"
"25","MONDO:0006279","lung sarcomatoid carcinoma",25,"mondo->icd","forward","mydata:mdbxr","ICD9CM:162.9","Malignant neoplasm of bronchus and lung, unspecified"
"26","MONDO:0005233","non-small cell lung carcinoma (disease)",20,"mondo->icd","forward","mydata:mdbxr","ICD10CM:C34.12","Malignant neoplasm of upper lobe, left bronchus or lung"
"27","MONDO:0005233","non-small cell lung carcinoma (disease)",20,"mondo->icd","forward","mydata:mdbxr","ICD10CM:C34.1","Malignant neoplasm of upper lobe, bronchus or lung"
"28","MONDO:0005233","non-small cell lung carcinoma (disease)",20,"mondo->icd","forward","mydata:mdbxr","ICD10CM:C34.10","Malignant neoplasm of upper lobe, unspecified bronchus or lung"
"29","MONDO:0005233","non-small cell lung carcinoma (disease)",20,"mondo->icd","forward","mydata:mdbxr","ICD10CM:C34.11","Malignant neoplasm of upper lobe, right bronchus or lung"
"34","MONDO:0005233","non-small cell lung carcinoma (disease)",20,"mondo->icd","forward","mydata:mdbxr","ICD10CM:C34.32","Malignant neoplasm of lower lobe, left bronchus or lung"
"35","MONDO:0005233","non-small cell lung carcinoma (disease)",20,"mondo->icd","forward","mydata:mdbxr","ICD10CM:C34.3","Malignant neoplasm of lower lobe, bronchus or lung"
"36","MONDO:0005233","non-small cell lung carcinoma (disease)",20,"mondo->icd","forward","mydata:mdbxr","ICD10CM:C34.30","Malignant neoplasm of lower lobe, unspecified bronchus or lung"
"37","MONDO:0005233","non-small cell lung carcinoma (disease)",20,"mondo->icd","forward","mydata:mdbxr","ICD10CM:C34.31","Malignant neoplasm of lower lobe, right bronchus or lung"
"38","MONDO:0005233","non-small cell lung carcinoma (disease)",20,"mondo->icd","forward","mydata:mdbxr","ICD10CM:C34.2","Malignant neoplasm of middle lobe, bronchus or lung"
"40","MONDO:0005233","non-small cell lung carcinoma (disease)",20,"mondo->icd","forward","mydata:mdbxr","ICD10CM:C34.9","Malignant neoplasm of unspecified part of bronchus or lung"
"41","MONDO:0005233","non-small cell lung carcinoma (disease)",20,"mondo->icd","forward","mydata:mdbxr","ICD10CM:C34.8","Malignant neoplasm of overlapping sites of bronchus and lung"
"42","MONDO:0005233","non-small cell lung carcinoma (disease)",20,"mondo->icd","forward","mydata:mdbxr","ICD10CM:C34.91","Malignant neoplasm of unspecified part of right bronchus or lung"
"43","MONDO:0005233","non-small cell lung carcinoma (disease)",20,"mondo->icd","forward","mydata:mdbxr","ICD10CM:C34.90","Malignant neoplasm of unspecified part of unspecified bronchus or lung"
"44","MONDO:0005233","non-small cell lung carcinoma (disease)",20,"mondo->icd","forward","mydata:mdbxr","ICD10CM:C34.92","Malignant neoplasm of unspecified part of left bronchus or lung"
"45","MONDO:0011014","pleuropulmonary blastoma",32,"mondo->icd","forward","mydata:mdbxr","ICD10CM:C34.3","Malignant neoplasm of lower lobe, bronchus or lung"
"46","MONDO:0005233","non-small cell lung carcinoma (disease)",20,"mondo->icd","forward","mydata:mdbxr","ICD10CM:C34.82","Malignant neoplasm of overlapping sites of left bronchus and lung"
"47","MONDO:0005233","non-small cell lung carcinoma (disease)",20,"mondo->icd","forward","mydata:mdbxr","ICD10CM:C34.80","Malignant neoplasm of overlapping sites of unspecified bronchus and lung"
"48","MONDO:0005233","non-small cell lung carcinoma (disease)",20,"mondo->icd","forward","mydata:mdbxr","ICD10CM:C34.81","Malignant neoplasm of overlapping sites of right bronchus and lung"
"49","MONDO:0005933","pulmonary blastoma",29,"mondo->icd","forward","mydata:mdbxr","ICD10CM:C34.12","Malignant neoplasm of upper lobe, left bronchus or lung"
"50","MONDO:0005933","pulmonary blastoma",29,"mondo->icd","forward","mydata:mdbxr","ICD10CM:C34.1","Malignant neoplasm of upper lobe, bronchus or lung"
"51","MONDO:0005933","pulmonary blastoma",29,"mondo->icd","forward","mydata:mdbxr","ICD10CM:C34.10","Malignant neoplasm of upper lobe, unspecified bronchus or lung"
"52","MONDO:0005933","pulmonary blastoma",29,"mondo->icd","forward","mydata:mdbxr","ICD10CM:C34.11","Malignant neoplasm of upper lobe, right bronchus or lung"
"53","MONDO:0005933","pulmonary blastoma",29,"mondo->icd","forward","mydata:mdbxr","ICD10CM:C34.32","Malignant neoplasm of lower lobe, left bronchus or lung"
"54","MONDO:0005933","pulmonary blastoma",29,"mondo->icd","forward","mydata:mdbxr","ICD10CM:C34.3","Malignant neoplasm of lower lobe, bronchus or lung"
"55","MONDO:0005933","pulmonary blastoma",29,"mondo->icd","forward","mydata:mdbxr","ICD10CM:C34.30","Malignant neoplasm of lower lobe, unspecified bronchus or lung"
"56","MONDO:0005933","pulmonary blastoma",29,"mondo->icd","forward","mydata:mdbxr","ICD10CM:C34.31","Malignant neoplasm of lower lobe, right bronchus or lung"
"57","MONDO:0005933","pulmonary blastoma",29,"mondo->icd","forward","mydata:mdbxr","ICD10CM:C34.2","Malignant neoplasm of middle lobe, bronchus or lung"
"58","MONDO:0005933","pulmonary blastoma",29,"mondo->icd","forward","mydata:mdbxr","ICD10CM:C34.9","Malignant neoplasm of unspecified part of bronchus or lung"
"59","MONDO:0005933","pulmonary blastoma",29,"mondo->icd","forward","mydata:mdbxr","ICD10CM:C34.91","Malignant neoplasm of unspecified part of right bronchus or lung"
"60","MONDO:0005933","pulmonary blastoma",29,"mondo->icd","forward","mydata:mdbxr","ICD10CM:C34.90","Malignant neoplasm of unspecified part of unspecified bronchus or lung"
"61","MONDO:0005933","pulmonary blastoma",29,"mondo->icd","forward","mydata:mdbxr","ICD10CM:C34.92","Malignant neoplasm of unspecified part of left bronchus or lung"
"62","MONDO:0005933","pulmonary blastoma",29,"mondo->icd","forward","mydata:mdbxr","ICD10CM:C34.8","Malignant neoplasm of overlapping sites of bronchus and lung"
"63","MONDO:0005933","pulmonary blastoma",29,"mondo->icd","forward","mydata:mdbxr","ICD10CM:C34.82","Malignant neoplasm of overlapping sites of left bronchus and lung"
"64","MONDO:0005933","pulmonary blastoma",29,"mondo->icd","forward","mydata:mdbxr","ICD10CM:C34.80","Malignant neoplasm of overlapping sites of unspecified bronchus and lung"
"65","MONDO:0005933","pulmonary blastoma",29,"mondo->icd","forward","mydata:mdbxr","ICD10CM:C34.81","Malignant neoplasm of overlapping sites of right bronchus and lung"
"66","MONDO:0005138","lung carcinoma",19,"mondo->icd","forward","mydata:mdbxr","ICD10CM:C34.90","Malignant neoplasm of unspecified part of unspecified bronchus or lung"
"67","MONDO:0004660","lung carcinoma in situ",23,"mondo->icd","forward","mydata:mdbxr","ICD10CM:D02.20","Carcinoma in situ of unspecified bronchus and lung"
"68","MONDO:0004660","lung carcinoma in situ",23,"mondo->icd","forward","mydata:mdbxr","ICD10CM:D02.2","Carcinoma in situ of bronchus and lung"
"69","MONDO:0004660","lung carcinoma in situ",23,"mondo->icd","forward","mydata:mdbxr","ICD10CM:D02.21","Carcinoma in situ of right bronchus and lung"
"70","MONDO:0004660","lung carcinoma in situ",23,"mondo->icd","forward","mydata:mdbxr","ICD10CM:D02.22","Carcinoma in situ of left bronchus and lung"
"71","MONDO:0017292","well-differentiated fetal adenocarcinoma of the lung",26,"mondo->icd","forward","mydata:mdbxr","ICD10CM:C34.12","Malignant neoplasm of upper lobe, left bronchus or lung"
"72","MONDO:0017292","well-differentiated fetal adenocarcinoma of the lung",26,"mondo->icd","forward","mydata:mdbxr","ICD10CM:C34.1","Malignant neoplasm of upper lobe, bronchus or lung"
"73","MONDO:0017292","well-differentiated fetal adenocarcinoma of the lung",26,"mondo->icd","forward","mydata:mdbxr","ICD10CM:C34.10","Malignant neoplasm of upper lobe, unspecified bronchus or lung"
"74","MONDO:0017292","well-differentiated fetal adenocarcinoma of the lung",26,"mondo->icd","forward","mydata:mdbxr","ICD10CM:C34.11","Malignant neoplasm of upper lobe, right bronchus or lung"
"75","MONDO:0017292","well-differentiated fetal adenocarcinoma of the lung",26,"mondo->icd","forward","mydata:mdbxr","ICD10CM:C34.32","Malignant neoplasm of lower lobe, left bronchus or lung"
"76","MONDO:0017292","well-differentiated fetal adenocarcinoma of the lung",26,"mondo->icd","forward","mydata:mdbxr","ICD10CM:C34.3","Malignant neoplasm of lower lobe, bronchus or lung"
"77","MONDO:0017292","well-differentiated fetal adenocarcinoma of the lung",26,"mondo->icd","forward","mydata:mdbxr","ICD10CM:C34.30","Malignant neoplasm of lower lobe, unspecified bronchus or lung"
"78","MONDO:0017292","well-differentiated fetal adenocarcinoma of the lung",26,"mondo->icd","forward","mydata:mdbxr","ICD10CM:C34.31","Malignant neoplasm of lower lobe, right bronchus or lung"
"79","MONDO:0017292","well-differentiated fetal adenocarcinoma of the lung",26,"mondo->icd","forward","mydata:mdbxr","ICD10CM:C34.2","Malignant neoplasm of middle lobe, bronchus or lung"
"80","MONDO:0017292","well-differentiated fetal adenocarcinoma of the lung",26,"mondo->icd","forward","mydata:mdbxr","ICD10CM:C34.8","Malignant neoplasm of overlapping sites of bronchus and lung"
"81","MONDO:0017292","well-differentiated fetal adenocarcinoma of the lung",26,"mondo->icd","forward","mydata:mdbxr","ICD10CM:C34.82","Malignant neoplasm of overlapping sites of left bronchus and lung"
"82","MONDO:0017292","well-differentiated fetal adenocarcinoma of the lung",26,"mondo->icd","forward","mydata:mdbxr","ICD10CM:C34.80","Malignant neoplasm of overlapping sites of unspecified bronchus and lung"
"83","MONDO:0017292","well-differentiated fetal adenocarcinoma of the lung",26,"mondo->icd","forward","mydata:mdbxr","ICD10CM:C34.81","Malignant neoplasm of overlapping sites of right bronchus and lung"
"84","MONDO:0011014","pleuropulmonary blastoma",32,"mondo->icd","forward","mydata:mdbxr","ICD10CM:C34.12","Malignant neoplasm of upper lobe, left bronchus or lung"
"85","MONDO:0011014","pleuropulmonary blastoma",32,"mondo->icd","forward","mydata:mdbxr","ICD10CM:C34.1","Malignant neoplasm of upper lobe, bronchus or lung"
"86","MONDO:0011014","pleuropulmonary blastoma",32,"mondo->icd","forward","mydata:mdbxr","ICD10CM:C34.10","Malignant neoplasm of upper lobe, unspecified bronchus or lung"
"87","MONDO:0011014","pleuropulmonary blastoma",32,"mondo->icd","forward","mydata:mdbxr","ICD10CM:C34.11","Malignant neoplasm of upper lobe, right bronchus or lung"
"88","MONDO:0011014","pleuropulmonary blastoma",32,"mondo->icd","forward","mydata:mdbxr","ICD10CM:C34.32","Malignant neoplasm of lower lobe, left bronchus or lung"
"89","MONDO:0011014","pleuropulmonary blastoma",32,"mondo->icd","forward","mydata:mdbxr","ICD10CM:C34.30","Malignant neoplasm of lower lobe, unspecified bronchus or lung"
"90","MONDO:0011014","pleuropulmonary blastoma",32,"mondo->icd","forward","mydata:mdbxr","ICD10CM:C34.31","Malignant neoplasm of lower lobe, right bronchus or lung"
"91","MONDO:0011014","pleuropulmonary blastoma",32,"mondo->icd","forward","mydata:mdbxr","ICD10CM:C34.2","Malignant neoplasm of middle lobe, bronchus or lung"
"92","MONDO:0011014","pleuropulmonary blastoma",32,"mondo->icd","forward","mydata:mdbxr","ICD10CM:C34.9","Malignant neoplasm of unspecified part of bronchus or lung"
"93","MONDO:0011014","pleuropulmonary blastoma",32,"mondo->icd","forward","mydata:mdbxr","ICD10CM:C34.91","Malignant neoplasm of unspecified part of right bronchus or lung"
"94","MONDO:0011014","pleuropulmonary blastoma",32,"mondo->icd","forward","mydata:mdbxr","ICD10CM:C34.90","Malignant neoplasm of unspecified part of unspecified bronchus or lung"
"95","MONDO:0011014","pleuropulmonary blastoma",32,"mondo->icd","forward","mydata:mdbxr","ICD10CM:C34.92","Malignant neoplasm of unspecified part of left bronchus or lung"
"100","MONDO:0020555","pleuropulmonary blastoma type 1",33,"mondo->icd","forward","mydata:mdbxr","ICD10CM:C34.12","Malignant neoplasm of upper lobe, left bronchus or lung"
"101","MONDO:0020555","pleuropulmonary blastoma type 1",33,"mondo->icd","forward","mydata:mdbxr","ICD10CM:C34.1","Malignant neoplasm of upper lobe, bronchus or lung"
"102","MONDO:0020555","pleuropulmonary blastoma type 1",33,"mondo->icd","forward","mydata:mdbxr","ICD10CM:C34.10","Malignant neoplasm of upper lobe, unspecified bronchus or lung"
"103","MONDO:0020555","pleuropulmonary blastoma type 1",33,"mondo->icd","forward","mydata:mdbxr","ICD10CM:C34.11","Malignant neoplasm of upper lobe, right bronchus or lung"
"104","MONDO:0020555","pleuropulmonary blastoma type 1",33,"mondo->icd","forward","mydata:mdbxr","ICD10CM:C34.32","Malignant neoplasm of lower lobe, left bronchus or lung"
"105","MONDO:0020555","pleuropulmonary blastoma type 1",33,"mondo->icd","forward","mydata:mdbxr","ICD10CM:C34.3","Malignant neoplasm of lower lobe, bronchus or lung"
"106","MONDO:0020555","pleuropulmonary blastoma type 1",33,"mondo->icd","forward","mydata:mdbxr","ICD10CM:C34.30","Malignant neoplasm of lower lobe, unspecified bronchus or lung"
"107","MONDO:0020555","pleuropulmonary blastoma type 1",33,"mondo->icd","forward","mydata:mdbxr","ICD10CM:C34.31","Malignant neoplasm of lower lobe, right bronchus or lung"
"108","MONDO:0020555","pleuropulmonary blastoma type 1",33,"mondo->icd","forward","mydata:mdbxr","ICD10CM:C34.2","Malignant neoplasm of middle lobe, bronchus or lung"
"109","MONDO:0020555","pleuropulmonary blastoma type 1",33,"mondo->icd","forward","mydata:mdbxr","ICD10CM:C34.9","Malignant neoplasm of unspecified part of bronchus or lung"
"110","MONDO:0020555","pleuropulmonary blastoma type 1",33,"mondo->icd","forward","mydata:mdbxr","ICD10CM:C34.91","Malignant neoplasm of unspecified part of right bronchus or lung"
"111","MONDO:0020555","pleuropulmonary blastoma type 1",33,"mondo->icd","forward","mydata:mdbxr","ICD10CM:C34.90","Malignant neoplasm of unspecified part of unspecified bronchus or lung"
"112","MONDO:0020555","pleuropulmonary blastoma type 1",33,"mondo->icd","forward","mydata:mdbxr","ICD10CM:C34.92","Malignant neoplasm of unspecified part of left bronchus or lung"
"113","MONDO:0020555","pleuropulmonary blastoma type 1",33,"mondo->icd","forward","mydata:mdbxr","ICD10CM:C34.8","Malignant neoplasm of overlapping sites of bronchus and lung"
"114","MONDO:0020555","pleuropulmonary blastoma type 1",33,"mondo->icd","forward","mydata:mdbxr","ICD10CM:C34.82","Malignant neoplasm of overlapping sites of left bronchus and lung"
"115","MONDO:0020555","pleuropulmonary blastoma type 1",33,"mondo->icd","forward","mydata:mdbxr","ICD10CM:C34.80","Malignant neoplasm of overlapping sites of unspecified bronchus and lung"
"116","MONDO:0020555","pleuropulmonary blastoma type 1",33,"mondo->icd","forward","mydata:mdbxr","ICD10CM:C34.81","Malignant neoplasm of overlapping sites of right bronchus and lung"
"117","MONDO:0020556","pleuropulmonary blastoma type 2",33,"mondo->icd","forward","mydata:mdbxr","ICD10CM:C34.12","Malignant neoplasm of upper lobe, left bronchus or lung"
"118","MONDO:0020556","pleuropulmonary blastoma type 2",33,"mondo->icd","forward","mydata:mdbxr","ICD10CM:C34.1","Malignant neoplasm of upper lobe, bronchus or lung"
"119","MONDO:0020556","pleuropulmonary blastoma type 2",33,"mondo->icd","forward","mydata:mdbxr","ICD10CM:C34.10","Malignant neoplasm of upper lobe, unspecified bronchus or lung"
"120","MONDO:0020556","pleuropulmonary blastoma type 2",33,"mondo->icd","forward","mydata:mdbxr","ICD10CM:C34.11","Malignant neoplasm of upper lobe, right bronchus or lung"
"121","MONDO:0020556","pleuropulmonary blastoma type 2",33,"mondo->icd","forward","mydata:mdbxr","ICD10CM:C34.32","Malignant neoplasm of lower lobe, left bronchus or lung"
"122","MONDO:0020556","pleuropulmonary blastoma type 2",33,"mondo->icd","forward","mydata:mdbxr","ICD10CM:C34.3","Malignant neoplasm of lower lobe, bronchus or lung"
"123","MONDO:0020556","pleuropulmonary blastoma type 2",33,"mondo->icd","forward","mydata:mdbxr","ICD10CM:C34.30","Malignant neoplasm of lower lobe, unspecified bronchus or lung"
"124","MONDO:0020556","pleuropulmonary blastoma type 2",33,"mondo->icd","forward","mydata:mdbxr","ICD10CM:C34.31","Malignant neoplasm of lower lobe, right bronchus or lung"
"125","MONDO:0020556","pleuropulmonary blastoma type 2",33,"mondo->icd","forward","mydata:mdbxr","ICD10CM:C34.2","Malignant neoplasm of middle lobe, bronchus or lung"
"126","MONDO:0020556","pleuropulmonary blastoma type 2",33,"mondo->icd","forward","mydata:mdbxr","ICD10CM:C34.9","Malignant neoplasm of unspecified part of bronchus or lung"
"127","MONDO:0020556","pleuropulmonary blastoma type 2",33,"mondo->icd","forward","mydata:mdbxr","ICD10CM:C34.91","Malignant neoplasm of unspecified part of right bronchus or lung"
"128","MONDO:0020556","pleuropulmonary blastoma type 2",33,"mondo->icd","forward","mydata:mdbxr","ICD10CM:C34.90","Malignant neoplasm of unspecified part of unspecified bronchus or lung"
"129","MONDO:0020556","pleuropulmonary blastoma type 2",33,"mondo->icd","forward","mydata:mdbxr","ICD10CM:C34.92","Malignant neoplasm of unspecified part of left bronchus or lung"
"130","MONDO:0020556","pleuropulmonary blastoma type 2",33,"mondo->icd","forward","mydata:mdbxr","ICD10CM:C34.8","Malignant neoplasm of overlapping sites of bronchus and lung"
"131","MONDO:0020556","pleuropulmonary blastoma type 2",33,"mondo->icd","forward","mydata:mdbxr","ICD10CM:C34.82","Malignant neoplasm of overlapping sites of left bronchus and lung"
"132","MONDO:0020556","pleuropulmonary blastoma type 2",33,"mondo->icd","forward","mydata:mdbxr","ICD10CM:C34.80","Malignant neoplasm of overlapping sites of unspecified bronchus and lung"
"133","MONDO:0020556","pleuropulmonary blastoma type 2",33,"mondo->icd","forward","mydata:mdbxr","ICD10CM:C34.81","Malignant neoplasm of overlapping sites of right bronchus and lung"
"134","MONDO:0020557","pleuropulmonary blastoma type 3",33,"mondo->icd","forward","mydata:mdbxr","ICD10CM:C34.12","Malignant neoplasm of upper lobe, left bronchus or lung"
"135","MONDO:0020557","pleuropulmonary blastoma type 3",33,"mondo->icd","forward","mydata:mdbxr","ICD10CM:C34.1","Malignant neoplasm of upper lobe, bronchus or lung"
"136","MONDO:0020557","pleuropulmonary blastoma type 3",33,"mondo->icd","forward","mydata:mdbxr","ICD10CM:C34.10","Malignant neoplasm of upper lobe, unspecified bronchus or lung"
"137","MONDO:0020557","pleuropulmonary blastoma type 3",33,"mondo->icd","forward","mydata:mdbxr","ICD10CM:C34.11","Malignant neoplasm of upper lobe, right bronchus or lung"
"138","MONDO:0020557","pleuropulmonary blastoma type 3",33,"mondo->icd","forward","mydata:mdbxr","ICD10CM:C34.32","Malignant neoplasm of lower lobe, left bronchus or lung"
"139","MONDO:0020557","pleuropulmonary blastoma type 3",33,"mondo->icd","forward","mydata:mdbxr","ICD10CM:C34.3","Malignant neoplasm of lower lobe, bronchus or lung"
"140","MONDO:0020557","pleuropulmonary blastoma type 3",33,"mondo->icd","forward","mydata:mdbxr","ICD10CM:C34.30","Malignant neoplasm of lower lobe, unspecified bronchus or lung"
"141","MONDO:0020557","pleuropulmonary blastoma type 3",33,"mondo->icd","forward","mydata:mdbxr","ICD10CM:C34.31","Malignant neoplasm of lower lobe, right bronchus or lung"
"142","MONDO:0020557","pleuropulmonary blastoma type 3",33,"mondo->icd","forward","mydata:mdbxr","ICD10CM:C34.2","Malignant neoplasm of middle lobe, bronchus or lung"
"143","MONDO:0020557","pleuropulmonary blastoma type 3",33,"mondo->icd","forward","mydata:mdbxr","ICD10CM:C34.9","Malignant neoplasm of unspecified part of bronchus or lung"
"144","MONDO:0020557","pleuropulmonary blastoma type 3",33,"mondo->icd","forward","mydata:mdbxr","ICD10CM:C34.91","Malignant neoplasm of unspecified part of right bronchus or lung"
"145","MONDO:0020557","pleuropulmonary blastoma type 3",33,"mondo->icd","forward","mydata:mdbxr","ICD10CM:C34.90","Malignant neoplasm of unspecified part of unspecified bronchus or lung"
"146","MONDO:0020557","pleuropulmonary blastoma type 3",33,"mondo->icd","forward","mydata:mdbxr","ICD10CM:C34.92","Malignant neoplasm of unspecified part of left bronchus or lung"
"147","MONDO:0020557","pleuropulmonary blastoma type 3",33,"mondo->icd","forward","mydata:mdbxr","ICD10CM:C34.8","Malignant neoplasm of overlapping sites of bronchus and lung"
"148","MONDO:0020557","pleuropulmonary blastoma type 3",33,"mondo->icd","forward","mydata:mdbxr","ICD10CM:C34.82","Malignant neoplasm of overlapping sites of left bronchus and lung"
"149","MONDO:0020557","pleuropulmonary blastoma type 3",33,"mondo->icd","forward","mydata:mdbxr","ICD10CM:C34.80","Malignant neoplasm of overlapping sites of unspecified bronchus and lung"
"150","MONDO:0020557","pleuropulmonary blastoma type 3",33,"mondo->icd","forward","mydata:mdbxr","ICD10CM:C34.81","Malignant neoplasm of overlapping sites of right bronchus and lung"
"151","MONDO:0008433","small cell lung carcinoma",28,"mondo->icd","forward","mydata:mdbxr","ICD10CM:C34.9","Malignant neoplasm of unspecified part of bronchus or lung"
"152","MONDO:0008433","small cell lung carcinoma",28,"mondo->icd","forward","mydata:mdbxr","ICD10CM:C34.91","Malignant neoplasm of unspecified part of right bronchus or lung"
"153","MONDO:0008433","small cell lung carcinoma",28,"mondo->icd","forward","mydata:mdbxr","ICD10CM:C34.90","Malignant neoplasm of unspecified part of unspecified bronchus or lung"
"154","MONDO:0008433","small cell lung carcinoma",28,"mondo->icd","forward","mydata:mdbxr","ICD10CM:C34.92","Malignant neoplasm of unspecified part of left bronchus or lung"
"156","MONDO:0008903","lung cancer",16,"mondo->icd","forward","mydata:mdbxr","ICD10CM:C34.12","Malignant neoplasm of upper lobe, left bronchus or lung"
"157","MONDO:0008903","lung cancer",16,"mondo->icd","forward","mydata:mdbxr","ICD10CM:C34.1","Malignant neoplasm of upper lobe, bronchus or lung"
"158","MONDO:0008903","lung cancer",16,"mondo->icd","forward","mydata:mdbxr","ICD10CM:C34.10","Malignant neoplasm of upper lobe, unspecified bronchus or lung"
"159","MONDO:0008903","lung cancer",16,"mondo->icd","forward","mydata:mdbxr","ICD10CM:C34.11","Malignant neoplasm of upper lobe, right bronchus or lung"
"160","MONDO:0008903","lung cancer",16,"mondo->icd","forward","mydata:mdbxr","ICD10CM:C34.32","Malignant neoplasm of lower lobe, left bronchus or lung"
"161","MONDO:0008903","lung cancer",16,"mondo->icd","forward","mydata:mdbxr","ICD10CM:C34.3","Malignant neoplasm of lower lobe, bronchus or lung"
"162","MONDO:0008903","lung cancer",16,"mondo->icd","forward","mydata:mdbxr","ICD10CM:C34.30","Malignant neoplasm of lower lobe, unspecified bronchus or lung"
"163","MONDO:0008903","lung cancer",16,"mondo->icd","forward","mydata:mdbxr","ICD10CM:C34.31","Malignant neoplasm of lower lobe, right bronchus or lung"
"164","MONDO:0008903","lung cancer",16,"mondo->icd","forward","mydata:mdbxr","ICD10CM:C34.2","Malignant neoplasm of middle lobe, bronchus or lung"
"165","MONDO:0004660","lung carcinoma in situ",23,"mondo->CUI->icd","forward","skos:closeMatch","ICD9CM:231.2","Carcinoma in situ of bronchus and lung"
"179","MONDO:0004660","lung carcinoma in situ",23,"mondo->CUI->icd","forward","skos:closeMatch","ICD10CM:D02.20","Carcinoma in situ of unspecified bronchus and lung"
"180","MONDO:0004660","lung carcinoma in situ",23,"mondo->CUI->icd","forward","skos:closeMatch","ICD10CM:D02.2","Carcinoma in situ of bronchus and lung"
"181","MONDO:0004660","lung carcinoma in situ",23,"mondo->CUI->icd","forward","skos:closeMatch","ICD10CM:D02.21","Carcinoma in situ of right bronchus and lung"
"182","MONDO:0004660","lung carcinoma in situ",23,"mondo->CUI->icd","forward","skos:closeMatch","ICD10CM:D02.22","Carcinoma in situ of left bronchus and lung"
"184","MONDO:0008903","lung cancer",16,"mondo->CUI->icd","forward","skos:closeMatch","ICD10CM:C34.12","Malignant neoplasm of upper lobe, left bronchus or lung"
"185","MONDO:0008903","lung cancer",16,"mondo->CUI->icd","forward","skos:closeMatch","ICD10CM:C34.1","Malignant neoplasm of upper lobe, bronchus or lung"
"186","MONDO:0008903","lung cancer",16,"mondo->CUI->icd","forward","skos:closeMatch","ICD10CM:C34.10","Malignant neoplasm of upper lobe, unspecified bronchus or lung"
"187","MONDO:0008903","lung cancer",16,"mondo->CUI->icd","forward","skos:closeMatch","ICD10CM:C34.11","Malignant neoplasm of upper lobe, right bronchus or lung"
"188","MONDO:0008903","lung cancer",16,"mondo->CUI->icd","forward","skos:closeMatch","ICD10CM:C34.2","Malignant neoplasm of middle lobe, bronchus or lung"
"189","MONDO:0008903","lung cancer",16,"mondo->CUI->icd","forward","skos:closeMatch","ICD10CM:C34.32","Malignant neoplasm of lower lobe, left bronchus or lung"
"190","MONDO:0008903","lung cancer",16,"mondo->CUI->icd","forward","skos:closeMatch","ICD10CM:C34.3","Malignant neoplasm of lower lobe, bronchus or lung"
"191","MONDO:0008903","lung cancer",16,"mondo->CUI->icd","forward","skos:closeMatch","ICD10CM:C34.30","Malignant neoplasm of lower lobe, unspecified bronchus or lung"
"192","MONDO:0008903","lung cancer",16,"mondo->CUI->icd","forward","skos:closeMatch","ICD10CM:C34.31","Malignant neoplasm of lower lobe, right bronchus or lung"
"193","MONDO:0008903","lung cancer",16,"mondo->CUI->icd","forward","skos:closeMatch","ICD10CM:C34.90","Malignant neoplasm of unspecified part of unspecified bronchus or lung"
"198","MONDO:0004660","lung carcinoma in situ",23,"mondo->snomed->CUI->icd","forward","owl:equivalentClass","ICD9CM:231.2","Carcinoma in situ of bronchus and lung"
"199","MONDO:0004660","lung carcinoma in situ",23,"mondo->snomed->CUI->icd","forward","skos:closeMatch","ICD9CM:231.2","Carcinoma in situ of bronchus and lung"
"200","MONDO:0004660","lung carcinoma in situ",23,"mondo->snomed->CUI->icd","forward","skos:exactMatch","ICD9CM:231.2","Carcinoma in situ of bronchus and lung"
"201","MONDO:0004660","lung carcinoma in situ",23,"mondo->snomed->CUI->icd","forward","mydata:mdbxr","ICD9CM:231.2","Carcinoma in situ of bronchus and lung"
"202","MONDO:0000375","bronchus carcinoma in situ",28,"mondo->snomed->CUI->icd","forward","owl:equivalentClass","ICD9CM:231.2","Carcinoma in situ of bronchus and lung"
"203","MONDO:0000375","bronchus carcinoma in situ",28,"mondo->snomed->CUI->icd","forward","skos:exactMatch","ICD9CM:231.2","Carcinoma in situ of bronchus and lung"
"204","MONDO:0000375","bronchus carcinoma in situ",28,"mondo->snomed->CUI->icd","forward","mydata:mdbxr","ICD9CM:231.2","Carcinoma in situ of bronchus and lung"
"223","MONDO:0004660","lung carcinoma in situ",23,"mondo->snomed->CUI->icd","forward","owl:equivalentClass","ICD10CM:D02.20","Carcinoma in situ of unspecified bronchus and lung"
"224","MONDO:0004660","lung carcinoma in situ",23,"mondo->snomed->CUI->icd","forward","owl:equivalentClass","ICD10CM:D02.2","Carcinoma in situ of bronchus and lung"
"225","MONDO:0004660","lung carcinoma in situ",23,"mondo->snomed->CUI->icd","forward","owl:equivalentClass","ICD10CM:D02.21","Carcinoma in situ of right bronchus and lung"
"226","MONDO:0004660","lung carcinoma in situ",23,"mondo->snomed->CUI->icd","forward","owl:equivalentClass","ICD10CM:D02.22","Carcinoma in situ of left bronchus and lung"
"227","MONDO:0004660","lung carcinoma in situ",23,"mondo->snomed->CUI->icd","forward","skos:closeMatch","ICD10CM:D02.20","Carcinoma in situ of unspecified bronchus and lung"
"228","MONDO:0004660","lung carcinoma in situ",23,"mondo->snomed->CUI->icd","forward","skos:closeMatch","ICD10CM:D02.2","Carcinoma in situ of bronchus and lung"
"229","MONDO:0004660","lung carcinoma in situ",23,"mondo->snomed->CUI->icd","forward","skos:closeMatch","ICD10CM:D02.21","Carcinoma in situ of right bronchus and lung"
"230","MONDO:0004660","lung carcinoma in situ",23,"mondo->snomed->CUI->icd","forward","skos:closeMatch","ICD10CM:D02.22","Carcinoma in situ of left bronchus and lung"
"231","MONDO:0004660","lung carcinoma in situ",23,"mondo->snomed->CUI->icd","forward","skos:exactMatch","ICD10CM:D02.20","Carcinoma in situ of unspecified bronchus and lung"
"232","MONDO:0004660","lung carcinoma in situ",23,"mondo->snomed->CUI->icd","forward","skos:exactMatch","ICD10CM:D02.2","Carcinoma in situ of bronchus and lung"
"233","MONDO:0004660","lung carcinoma in situ",23,"mondo->snomed->CUI->icd","forward","skos:exactMatch","ICD10CM:D02.21","Carcinoma in situ of right bronchus and lung"
"234","MONDO:0004660","lung carcinoma in situ",23,"mondo->snomed->CUI->icd","forward","skos:exactMatch","ICD10CM:D02.22","Carcinoma in situ of left bronchus and lung"
"235","MONDO:0004660","lung carcinoma in situ",23,"mondo->snomed->CUI->icd","forward","mydata:mdbxr","ICD10CM:D02.20","Carcinoma in situ of unspecified bronchus and lung"
"236","MONDO:0004660","lung carcinoma in situ",23,"mondo->snomed->CUI->icd","forward","mydata:mdbxr","ICD10CM:D02.2","Carcinoma in situ of bronchus and lung"
"237","MONDO:0004660","lung carcinoma in situ",23,"mondo->snomed->CUI->icd","forward","mydata:mdbxr","ICD10CM:D02.21","Carcinoma in situ of right bronchus and lung"
"238","MONDO:0004660","lung carcinoma in situ",23,"mondo->snomed->CUI->icd","forward","mydata:mdbxr","ICD10CM:D02.22","Carcinoma in situ of left bronchus and lung"
"239","MONDO:0000375","bronchus carcinoma in situ",28,"mondo->snomed->CUI->icd","forward","owl:equivalentClass","ICD10CM:D02.20","Carcinoma in situ of unspecified bronchus and lung"
"240","MONDO:0000375","bronchus carcinoma in situ",28,"mondo->snomed->CUI->icd","forward","owl:equivalentClass","ICD10CM:D02.2","Carcinoma in situ of bronchus and lung"
"241","MONDO:0000375","bronchus carcinoma in situ",28,"mondo->snomed->CUI->icd","forward","owl:equivalentClass","ICD10CM:D02.21","Carcinoma in situ of right bronchus and lung"
"242","MONDO:0000375","bronchus carcinoma in situ",28,"mondo->snomed->CUI->icd","forward","owl:equivalentClass","ICD10CM:D02.22","Carcinoma in situ of left bronchus and lung"
"243","MONDO:0000375","bronchus carcinoma in situ",28,"mondo->snomed->CUI->icd","forward","skos:exactMatch","ICD10CM:D02.20","Carcinoma in situ of unspecified bronchus and lung"
"244","MONDO:0000375","bronchus carcinoma in situ",28,"mondo->snomed->CUI->icd","forward","skos:exactMatch","ICD10CM:D02.2","Carcinoma in situ of bronchus and lung"
"245","MONDO:0000375","bronchus carcinoma in situ",28,"mondo->snomed->CUI->icd","forward","skos:exactMatch","ICD10CM:D02.21","Carcinoma in situ of right bronchus and lung"
"246","MONDO:0000375","bronchus carcinoma in situ",28,"mondo->snomed->CUI->icd","forward","skos:exactMatch","ICD10CM:D02.22","Carcinoma in situ of left bronchus and lung"
"247","MONDO:0000375","bronchus carcinoma in situ",28,"mondo->snomed->CUI->icd","forward","mydata:mdbxr","ICD10CM:D02.20","Carcinoma in situ of unspecified bronchus and lung"
"248","MONDO:0000375","bronchus carcinoma in situ",28,"mondo->snomed->CUI->icd","forward","mydata:mdbxr","ICD10CM:D02.2","Carcinoma in situ of bronchus and lung"
"249","MONDO:0000375","bronchus carcinoma in situ",28,"mondo->snomed->CUI->icd","forward","mydata:mdbxr","ICD10CM:D02.21","Carcinoma in situ of right bronchus and lung"
"250","MONDO:0000375","bronchus carcinoma in situ",28,"mondo->snomed->CUI->icd","forward","mydata:mdbxr","ICD10CM:D02.22","Carcinoma in situ of left bronchus and lung"
"255","MONDO:0008903","lung cancer",16,"mondo->snomed->CUI->icd","forward","owl:equivalentClass","ICD10CM:C34.90","Malignant neoplasm of unspecified part of unspecified bronchus or lung"
"256","MONDO:0008903","lung cancer",16,"mondo->snomed->CUI->icd","forward","owl:equivalentClass","ICD10CM:C34.8","Malignant neoplasm of overlapping sites of bronchus and lung"
"257","MONDO:0008903","lung cancer",16,"mondo->snomed->CUI->icd","forward","owl:equivalentClass","ICD10CM:C34.82","Malignant neoplasm of overlapping sites of left bronchus and lung"
"258","MONDO:0008903","lung cancer",16,"mondo->snomed->CUI->icd","forward","owl:equivalentClass","ICD10CM:C34.80","Malignant neoplasm of overlapping sites of unspecified bronchus and lung"
"259","MONDO:0008903","lung cancer",16,"mondo->snomed->CUI->icd","forward","owl:equivalentClass","ICD10CM:C34.81","Malignant neoplasm of overlapping sites of right bronchus and lung"
"264","MONDO:0008903","lung cancer",16,"mondo->snomed->CUI->icd","forward","owl:equivalentClass","ICD10CM:C34.2","Malignant neoplasm of middle lobe, bronchus or lung"
"265","MONDO:0008903","lung cancer",16,"mondo->snomed->CUI->icd","forward","owl:equivalentClass","ICD10CM:C34.32","Malignant neoplasm of lower lobe, left bronchus or lung"
"266","MONDO:0008903","lung cancer",16,"mondo->snomed->CUI->icd","forward","owl:equivalentClass","ICD10CM:C34.3","Malignant neoplasm of lower lobe, bronchus or lung"
"267","MONDO:0008903","lung cancer",16,"mondo->snomed->CUI->icd","forward","owl:equivalentClass","ICD10CM:C34.30","Malignant neoplasm of lower lobe, unspecified bronchus or lung"
"268","MONDO:0008903","lung cancer",16,"mondo->snomed->CUI->icd","forward","owl:equivalentClass","ICD10CM:C34.31","Malignant neoplasm of lower lobe, right bronchus or lung"
"269","MONDO:0008903","lung cancer",16,"mondo->snomed->CUI->icd","forward","owl:equivalentClass","ICD10CM:C34.12","Malignant neoplasm of upper lobe, left bronchus or lung"
"270","MONDO:0008903","lung cancer",16,"mondo->snomed->CUI->icd","forward","owl:equivalentClass","ICD10CM:C34.1","Malignant neoplasm of upper lobe, bronchus or lung"
"271","MONDO:0008903","lung cancer",16,"mondo->snomed->CUI->icd","forward","owl:equivalentClass","ICD10CM:C34.10","Malignant neoplasm of upper lobe, unspecified bronchus or lung"
"272","MONDO:0008903","lung cancer",16,"mondo->snomed->CUI->icd","forward","owl:equivalentClass","ICD10CM:C34.11","Malignant neoplasm of upper lobe, right bronchus or lung"
"273","MONDO:0008903","lung cancer",16,"mondo->snomed->CUI->icd","forward","skos:closeMatch","ICD10CM:C34.2","Malignant neoplasm of middle lobe, bronchus or lung"
"274","MONDO:0008903","lung cancer",16,"mondo->snomed->CUI->icd","forward","skos:closeMatch","ICD10CM:C34.32","Malignant neoplasm of lower lobe, left bronchus or lung"
"275","MONDO:0008903","lung cancer",16,"mondo->snomed->CUI->icd","forward","skos:closeMatch","ICD10CM:C34.3","Malignant neoplasm of lower lobe, bronchus or lung"
"276","MONDO:0008903","lung cancer",16,"mondo->snomed->CUI->icd","forward","skos:closeMatch","ICD10CM:C34.30","Malignant neoplasm of lower lobe, unspecified bronchus or lung"
"277","MONDO:0008903","lung cancer",16,"mondo->snomed->CUI->icd","forward","skos:closeMatch","ICD10CM:C34.31","Malignant neoplasm of lower lobe, right bronchus or lung"
"278","MONDO:0008903","lung cancer",16,"mondo->snomed->CUI->icd","forward","skos:closeMatch","ICD10CM:C34.12","Malignant neoplasm of upper lobe, left bronchus or lung"
"279","MONDO:0008903","lung cancer",16,"mondo->snomed->CUI->icd","forward","skos:closeMatch","ICD10CM:C34.1","Malignant neoplasm of upper lobe, bronchus or lung"
"280","MONDO:0008903","lung cancer",16,"mondo->snomed->CUI->icd","forward","skos:closeMatch","ICD10CM:C34.10","Malignant neoplasm of upper lobe, unspecified bronchus or lung"
"281","MONDO:0008903","lung cancer",16,"mondo->snomed->CUI->icd","forward","skos:closeMatch","ICD10CM:C34.11","Malignant neoplasm of upper lobe, right bronchus or lung"
"286","MONDO:0008903","lung cancer",16,"mondo->snomed->CUI->icd","forward","skos:exactMatch","ICD10CM:C34.90","Malignant neoplasm of unspecified part of unspecified bronchus or lung"
"287","MONDO:0008903","lung cancer",16,"mondo->snomed->CUI->icd","forward","skos:exactMatch","ICD10CM:C34.8","Malignant neoplasm of overlapping sites of bronchus and lung"
"288","MONDO:0008903","lung cancer",16,"mondo->snomed->CUI->icd","forward","skos:exactMatch","ICD10CM:C34.82","Malignant neoplasm of overlapping sites of left bronchus and lung"
"289","MONDO:0008903","lung cancer",16,"mondo->snomed->CUI->icd","forward","skos:exactMatch","ICD10CM:C34.80","Malignant neoplasm of overlapping sites of unspecified bronchus and lung"
"290","MONDO:0008903","lung cancer",16,"mondo->snomed->CUI->icd","forward","skos:exactMatch","ICD10CM:C34.81","Malignant neoplasm of overlapping sites of right bronchus and lung"
"295","MONDO:0008903","lung cancer",16,"mondo->snomed->CUI->icd","forward","skos:exactMatch","ICD10CM:C34.2","Malignant neoplasm of middle lobe, bronchus or lung"
"296","MONDO:0008903","lung cancer",16,"mondo->snomed->CUI->icd","forward","skos:exactMatch","ICD10CM:C34.32","Malignant neoplasm of lower lobe, left bronchus or lung"
"297","MONDO:0008903","lung cancer",16,"mondo->snomed->CUI->icd","forward","skos:exactMatch","ICD10CM:C34.3","Malignant neoplasm of lower lobe, bronchus or lung"
"298","MONDO:0008903","lung cancer",16,"mondo->snomed->CUI->icd","forward","skos:exactMatch","ICD10CM:C34.30","Malignant neoplasm of lower lobe, unspecified bronchus or lung"
"299","MONDO:0008903","lung cancer",16,"mondo->snomed->CUI->icd","forward","skos:exactMatch","ICD10CM:C34.31","Malignant neoplasm of lower lobe, right bronchus or lung"
"300","MONDO:0008903","lung cancer",16,"mondo->snomed->CUI->icd","forward","skos:exactMatch","ICD10CM:C34.12","Malignant neoplasm of upper lobe, left bronchus or lung"
"301","MONDO:0008903","lung cancer",16,"mondo->snomed->CUI->icd","forward","skos:exactMatch","ICD10CM:C34.1","Malignant neoplasm of upper lobe, bronchus or lung"
"302","MONDO:0008903","lung cancer",16,"mondo->snomed->CUI->icd","forward","skos:exactMatch","ICD10CM:C34.10","Malignant neoplasm of upper lobe, unspecified bronchus or lung"
"303","MONDO:0008903","lung cancer",16,"mondo->snomed->CUI->icd","forward","skos:exactMatch","ICD10CM:C34.11","Malignant neoplasm of upper lobe, right bronchus or lung"
"308","MONDO:0008903","lung cancer",16,"mondo->snomed->CUI->icd","forward","mydata:mdbxr","ICD10CM:C34.90","Malignant neoplasm of unspecified part of unspecified bronchus or lung"
"309","MONDO:0008903","lung cancer",16,"mondo->snomed->CUI->icd","forward","mydata:mdbxr","ICD10CM:C34.8","Malignant neoplasm of overlapping sites of bronchus and lung"
"310","MONDO:0008903","lung cancer",16,"mondo->snomed->CUI->icd","forward","mydata:mdbxr","ICD10CM:C34.82","Malignant neoplasm of overlapping sites of left bronchus and lung"
"311","MONDO:0008903","lung cancer",16,"mondo->snomed->CUI->icd","forward","mydata:mdbxr","ICD10CM:C34.80","Malignant neoplasm of overlapping sites of unspecified bronchus and lung"
"312","MONDO:0008903","lung cancer",16,"mondo->snomed->CUI->icd","forward","mydata:mdbxr","ICD10CM:C34.81","Malignant neoplasm of overlapping sites of right bronchus and lung"
"317","MONDO:0008903","lung cancer",16,"mondo->snomed->CUI->icd","forward","mydata:mdbxr","ICD10CM:C34.2","Malignant neoplasm of middle lobe, bronchus or lung"
"318","MONDO:0008903","lung cancer",16,"mondo->snomed->CUI->icd","forward","mydata:mdbxr","ICD10CM:C34.32","Malignant neoplasm of lower lobe, left bronchus or lung"
"319","MONDO:0008903","lung cancer",16,"mondo->snomed->CUI->icd","forward","mydata:mdbxr","ICD10CM:C34.3","Malignant neoplasm of lower lobe, bronchus or lung"
"320","MONDO:0008903","lung cancer",16,"mondo->snomed->CUI->icd","forward","mydata:mdbxr","ICD10CM:C34.30","Malignant neoplasm of lower lobe, unspecified bronchus or lung"
"321","MONDO:0008903","lung cancer",16,"mondo->snomed->CUI->icd","forward","mydata:mdbxr","ICD10CM:C34.31","Malignant neoplasm of lower lobe, right bronchus or lung"
"322","MONDO:0008903","lung cancer",16,"mondo->snomed->CUI->icd","forward","mydata:mdbxr","ICD10CM:C34.12","Malignant neoplasm of upper lobe, left bronchus or lung"
"323","MONDO:0008903","lung cancer",16,"mondo->snomed->CUI->icd","forward","mydata:mdbxr","ICD10CM:C34.1","Malignant neoplasm of upper lobe, bronchus or lung"
"324","MONDO:0008903","lung cancer",16,"mondo->snomed->CUI->icd","forward","mydata:mdbxr","ICD10CM:C34.10","Malignant neoplasm of upper lobe, unspecified bronchus or lung"
"325","MONDO:0008903","lung cancer",16,"mondo->snomed->CUI->icd","forward","mydata:mdbxr","ICD10CM:C34.11","Malignant neoplasm of upper lobe, right bronchus or lung"
"326","MONDO:0002806","bronchogenic carcinoma",23,"mondo->snomed,transitive->NLM mappings->icd9","forward","owl:equivalentClass","ICD9CM:162.9","Malignant neoplasm of bronchus and lung, unspecified"
"327","MONDO:0002806","bronchogenic carcinoma",23,"mondo->snomed,transitive->NLM mappings->icd9","forward","skos:exactMatch","ICD9CM:162.9","Malignant neoplasm of bronchus and lung, unspecified"
"328","MONDO:0002806","bronchogenic carcinoma",23,"mondo->snomed,transitive->NLM mappings->icd9","forward","mydata:mdbxr","ICD9CM:162.9","Malignant neoplasm of bronchus and lung, unspecified"
"329","MONDO:0005233","non-small cell lung carcinoma (disease)",20,"mondo->snomed,transitive->NLM mappings->icd9","forward","owl:equivalentClass","ICD9CM:162.9","Malignant neoplasm of bronchus and lung, unspecified"
"330","MONDO:0005233","non-small cell lung carcinoma (disease)",20,"mondo->snomed,transitive->NLM mappings->icd9","forward","skos:exactMatch","ICD9CM:162.9","Malignant neoplasm of bronchus and lung, unspecified"
"331","MONDO:0005233","non-small cell lung carcinoma (disease)",20,"mondo->snomed,transitive->NLM mappings->icd9","forward","mydata:mdbxr","ICD9CM:162.9","Malignant neoplasm of bronchus and lung, unspecified"
"332","MONDO:0005097","squamous cell lung carcinoma",22,"mondo->snomed,transitive->NLM mappings->icd9","forward","owl:equivalentClass","ICD9CM:162.9","Malignant neoplasm of bronchus and lung, unspecified"
"333","MONDO:0005097","squamous cell lung carcinoma",22,"mondo->snomed,transitive->NLM mappings->icd9","forward","skos:exactMatch","ICD9CM:162.9","Malignant neoplasm of bronchus and lung, unspecified"
"334","MONDO:0005097","squamous cell lung carcinoma",22,"mondo->snomed,transitive->NLM mappings->icd9","forward","mydata:mdbxr","ICD9CM:162.9","Malignant neoplasm of bronchus and lung, unspecified"
"335","MONDO:0005061","lung adenocarcinoma",23,"mondo->snomed,transitive->NLM mappings->icd9","forward","owl:equivalentClass","ICD9CM:162.9","Malignant neoplasm of bronchus and lung, unspecified"
"336","MONDO:0005061","lung adenocarcinoma",23,"mondo->snomed,transitive->NLM mappings->icd9","forward","owl:equivalentClass","ICD9CM:199.1","Other malignant neoplasm without specification of site"
"337","MONDO:0005061","lung adenocarcinoma",23,"mondo->snomed,transitive->NLM mappings->icd9","forward","skos:exactMatch","ICD9CM:162.9","Malignant neoplasm of bronchus and lung, unspecified"
"338","MONDO:0005061","lung adenocarcinoma",23,"mondo->snomed,transitive->NLM mappings->icd9","forward","skos:exactMatch","ICD9CM:199.1","Other malignant neoplasm without specification of site"
"339","MONDO:0005061","lung adenocarcinoma",23,"mondo->snomed,transitive->NLM mappings->icd9","forward","mydata:mdbxr","ICD9CM:162.9","Malignant neoplasm of bronchus and lung, unspecified"
"340","MONDO:0005061","lung adenocarcinoma",23,"mondo->snomed,transitive->NLM mappings->icd9","forward","mydata:mdbxr","ICD9CM:199.1","Other malignant neoplasm without specification of site"
"341","MONDO:0005933","pulmonary blastoma",29,"mondo->snomed,transitive->NLM mappings->icd9","forward","owl:equivalentClass","ICD9CM:162.9","Malignant neoplasm of bronchus and lung, unspecified"
"342","MONDO:0005933","pulmonary blastoma",29,"mondo->snomed,transitive->NLM mappings->icd9","forward","skos:exactMatch","ICD9CM:162.9","Malignant neoplasm of bronchus and lung, unspecified"
"343","MONDO:0005933","pulmonary blastoma",29,"mondo->snomed,transitive->NLM mappings->icd9","forward","mydata:mdbxr","ICD9CM:162.9","Malignant neoplasm of bronchus and lung, unspecified"
"344","MONDO:0006275","lung giant cell carcinoma",26,"mondo->snomed,transitive->NLM mappings->icd9","forward","owl:equivalentClass","ICD9CM:162.9","Malignant neoplasm of bronchus and lung, unspecified"
"345","MONDO:0006275","lung giant cell carcinoma",26,"mondo->snomed,transitive->NLM mappings->icd9","forward","skos:exactMatch","ICD9CM:162.9","Malignant neoplasm of bronchus and lung, unspecified"
"346","MONDO:0006275","lung giant cell carcinoma",26,"mondo->snomed,transitive->NLM mappings->icd9","forward","mydata:mdbxr","ICD9CM:162.9","Malignant neoplasm of bronchus and lung, unspecified"
"347","MONDO:0003436","lung oat cell carcinoma",29,"mondo->snomed,transitive->NLM mappings->icd9","forward","owl:equivalentClass","ICD9CM:162.9","Malignant neoplasm of bronchus and lung, unspecified"
"348","MONDO:0003436","lung oat cell carcinoma",29,"mondo->snomed,transitive->NLM mappings->icd9","forward","skos:exactMatch","ICD9CM:162.9","Malignant neoplasm of bronchus and lung, unspecified"
"349","MONDO:0003436","lung oat cell carcinoma",29,"mondo->snomed,transitive->NLM mappings->icd9","forward","mydata:mdbxr","ICD9CM:162.9","Malignant neoplasm of bronchus and lung, unspecified"
"350","MONDO:0004973","adenosquamous lung carcinoma",26,"mondo->snomed,transitive->NLM mappings->icd9","forward","owl:equivalentClass","ICD9CM:162.9","Malignant neoplasm of bronchus and lung, unspecified"
"351","MONDO:0004973","adenosquamous lung carcinoma",26,"mondo->snomed,transitive->NLM mappings->icd9","forward","skos:exactMatch","ICD9CM:162.9","Malignant neoplasm of bronchus and lung, unspecified"
"352","MONDO:0004973","adenosquamous lung carcinoma",26,"mondo->snomed,transitive->NLM mappings->icd9","forward","mydata:mdbxr","ICD9CM:162.9","Malignant neoplasm of bronchus and lung, unspecified"
"353","MONDO:0003050","lung large cell carcinoma",22,"mondo->snomed,transitive->NLM mappings->icd9","forward","owl:equivalentClass","ICD9CM:162.9","Malignant neoplasm of bronchus and lung, unspecified"
"354","MONDO:0003050","lung large cell carcinoma",22,"mondo->snomed,transitive->NLM mappings->icd9","forward","skos:exactMatch","ICD9CM:162.9","Malignant neoplasm of bronchus and lung, unspecified"
"355","MONDO:0003050","lung large cell carcinoma",22,"mondo->snomed,transitive->NLM mappings->icd9","forward","mydata:mdbxr","ICD9CM:162.9","Malignant neoplasm of bronchus and lung, unspecified"
"356","MONDO:0005138","lung carcinoma",19,"mondo->snomed,transitive->NLM mappings->icd9","forward","skos:closeMatch","ICD9CM:162.9","Malignant neoplasm of bronchus and lung, unspecified"
"357","MONDO:0005138","lung carcinoma",19,"mondo->snomed,transitive->NLM mappings->icd9","forward","skos:closeMatch","ICD9CM:199.1","Other malignant neoplasm without specification of site"
"358","MONDO:0005138","lung carcinoma",19,"mondo->snomed,transitive->NLM mappings->icd9","forward","skos:closeMatch","ICD9CM:198.89","Secondary malignant neoplasm of other specified sites"
"359","MONDO:0004660","lung carcinoma in situ",23,"mondo->snomed,transitive->NLM mappings->icd9","forward","owl:equivalentClass","ICD9CM:231.2","Carcinoma in situ of bronchus and lung"
"360","MONDO:0004660","lung carcinoma in situ",23,"mondo->snomed,transitive->NLM mappings->icd9","forward","skos:closeMatch","ICD9CM:231.2","Carcinoma in situ of bronchus and lung"
"361","MONDO:0004660","lung carcinoma in situ",23,"mondo->snomed,transitive->NLM mappings->icd9","forward","skos:exactMatch","ICD9CM:231.2","Carcinoma in situ of bronchus and lung"
"362","MONDO:0004660","lung carcinoma in situ",23,"mondo->snomed,transitive->NLM mappings->icd9","forward","mydata:mdbxr","ICD9CM:231.2","Carcinoma in situ of bronchus and lung"
"363","MONDO:0011014","pleuropulmonary blastoma",32,"mondo->snomed,transitive->NLM mappings->icd9","forward","owl:equivalentClass","ICD9CM:162.9","Malignant neoplasm of bronchus and lung, unspecified"
"364","MONDO:0011014","pleuropulmonary blastoma",32,"mondo->snomed,transitive->NLM mappings->icd9","forward","skos:exactMatch","ICD9CM:162.9","Malignant neoplasm of bronchus and lung, unspecified"
"365","MONDO:0011014","pleuropulmonary blastoma",32,"mondo->snomed,transitive->NLM mappings->icd9","forward","mydata:mdbxr","ICD9CM:162.9","Malignant neoplasm of bronchus and lung, unspecified"
"366","MONDO:0003181","lung adenoid cystic carcinoma",25,"mondo->snomed,transitive->NLM mappings->icd9","forward","owl:equivalentClass","ICD9CM:162.9","Malignant neoplasm of bronchus and lung, unspecified"
"367","MONDO:0003181","lung adenoid cystic carcinoma",25,"mondo->snomed,transitive->NLM mappings->icd9","forward","skos:exactMatch","ICD9CM:162.9","Malignant neoplasm of bronchus and lung, unspecified"
"368","MONDO:0003181","lung adenoid cystic carcinoma",25,"mondo->snomed,transitive->NLM mappings->icd9","forward","mydata:mdbxr","ICD9CM:162.9","Malignant neoplasm of bronchus and lung, unspecified"
"369","MONDO:0006049","papillary lung adenocarcinoma",27,"mondo->snomed,transitive->NLM mappings->icd9","forward","owl:equivalentClass","ICD9CM:162.9","Malignant neoplasm of bronchus and lung, unspecified"
"370","MONDO:0006049","papillary lung adenocarcinoma",27,"mondo->snomed,transitive->NLM mappings->icd9","forward","skos:exactMatch","ICD9CM:162.9","Malignant neoplasm of bronchus and lung, unspecified"
"371","MONDO:0006049","papillary lung adenocarcinoma",27,"mondo->snomed,transitive->NLM mappings->icd9","forward","mydata:mdbxr","ICD9CM:162.9","Malignant neoplasm of bronchus and lung, unspecified"
"375","MONDO:0000375","bronchus carcinoma in situ",28,"mondo->snomed,transitive->NLM mappings->icd9","forward","owl:equivalentClass","ICD9CM:231.2","Carcinoma in situ of bronchus and lung"
"376","MONDO:0000375","bronchus carcinoma in situ",28,"mondo->snomed,transitive->NLM mappings->icd9","forward","skos:exactMatch","ICD9CM:231.2","Carcinoma in situ of bronchus and lung"
"377","MONDO:0000375","bronchus carcinoma in situ",28,"mondo->snomed,transitive->NLM mappings->icd9","forward","mydata:mdbxr","ICD9CM:231.2","Carcinoma in situ of bronchus and lung"
"378","MONDO:0020555","pleuropulmonary blastoma type 1",33,"mondo->snomed,transitive->NLM mappings->icd9","forward","owl:equivalentClass","ICD9CM:162.9","Malignant neoplasm of bronchus and lung, unspecified"
"379","MONDO:0020555","pleuropulmonary blastoma type 1",33,"mondo->snomed,transitive->NLM mappings->icd9","forward","skos:exactMatch","ICD9CM:162.9","Malignant neoplasm of bronchus and lung, unspecified"
"380","MONDO:0020555","pleuropulmonary blastoma type 1",33,"mondo->snomed,transitive->NLM mappings->icd9","forward","mydata:mdbxr","ICD9CM:162.9","Malignant neoplasm of bronchus and lung, unspecified"
"381","MONDO:0020556","pleuropulmonary blastoma type 2",33,"mondo->snomed,transitive->NLM mappings->icd9","forward","owl:equivalentClass","ICD9CM:162.9","Malignant neoplasm of bronchus and lung, unspecified"
"382","MONDO:0020556","pleuropulmonary blastoma type 2",33,"mondo->snomed,transitive->NLM mappings->icd9","forward","skos:exactMatch","ICD9CM:162.9","Malignant neoplasm of bronchus and lung, unspecified"
"383","MONDO:0020556","pleuropulmonary blastoma type 2",33,"mondo->snomed,transitive->NLM mappings->icd9","forward","mydata:mdbxr","ICD9CM:162.9","Malignant neoplasm of bronchus and lung, unspecified"
"384","MONDO:0020557","pleuropulmonary blastoma type 3",33,"mondo->snomed,transitive->NLM mappings->icd9","forward","owl:equivalentClass","ICD9CM:162.9","Malignant neoplasm of bronchus and lung, unspecified"
"385","MONDO:0020557","pleuropulmonary blastoma type 3",33,"mondo->snomed,transitive->NLM mappings->icd9","forward","skos:exactMatch","ICD9CM:162.9","Malignant neoplasm of bronchus and lung, unspecified"
"386","MONDO:0020557","pleuropulmonary blastoma type 3",33,"mondo->snomed,transitive->NLM mappings->icd9","forward","mydata:mdbxr","ICD9CM:162.9","Malignant neoplasm of bronchus and lung, unspecified"
"387","MONDO:0008433","small cell lung carcinoma",28,"mondo->snomed,transitive->NLM mappings->icd9","forward","owl:equivalentClass","ICD9CM:162.9","Malignant neoplasm of bronchus and lung, unspecified"
"388","MONDO:0008433","small cell lung carcinoma",28,"mondo->snomed,transitive->NLM mappings->icd9","forward","skos:exactMatch","ICD9CM:162.9","Malignant neoplasm of bronchus and lung, unspecified"
"389","MONDO:0008433","small cell lung carcinoma",28,"mondo->snomed,transitive->NLM mappings->icd9","forward","mydata:mdbxr","ICD9CM:162.9","Malignant neoplasm of bronchus and lung, unspecified"
"396","MONDO:0006281","lung signet ring cell carcinoma",25,"mondo->snomed,transitive->NLM mappings->icd9","forward","owl:equivalentClass","ICD9CM:162.9","Malignant neoplasm of bronchus and lung, unspecified"
"397","MONDO:0006281","lung signet ring cell carcinoma",25,"mondo->snomed,transitive->NLM mappings->icd9","forward","skos:exactMatch","ICD9CM:162.9","Malignant neoplasm of bronchus and lung, unspecified"
"398","MONDO:0006281","lung signet ring cell carcinoma",25,"mondo->snomed,transitive->NLM mappings->icd9","forward","mydata:mdbxr","ICD9CM:162.9","Malignant neoplasm of bronchus and lung, unspecified"
"400","MONDO:0008903","lung cancer",16,"mondo->snomed,transitive->NLM mappings->icd9","forward","owl:equivalentClass","ICD9CM:162.9","Malignant neoplasm of bronchus and lung, unspecified"
"403","MONDO:0008903","lung cancer",16,"mondo->snomed,transitive->NLM mappings->icd9","forward","owl:equivalentClass","ICD9CM:199.1","Other malignant neoplasm without specification of site"
"405","MONDO:0008903","lung cancer",16,"mondo->snomed,transitive->NLM mappings->icd9","forward","owl:equivalentClass","ICD9CM:198.89","Secondary malignant neoplasm of other specified sites"
"414","MONDO:0008903","lung cancer",16,"mondo->snomed,transitive->NLM mappings->icd9","forward","skos:exactMatch","ICD9CM:162.9","Malignant neoplasm of bronchus and lung, unspecified"
"417","MONDO:0008903","lung cancer",16,"mondo->snomed,transitive->NLM mappings->icd9","forward","skos:exactMatch","ICD9CM:199.1","Other malignant neoplasm without specification of site"
"419","MONDO:0008903","lung cancer",16,"mondo->snomed,transitive->NLM mappings->icd9","forward","skos:exactMatch","ICD9CM:198.89","Secondary malignant neoplasm of other specified sites"
"425","MONDO:0008903","lung cancer",16,"mondo->snomed,transitive->NLM mappings->icd9","forward","mydata:mdbxr","ICD9CM:162.9","Malignant neoplasm of bronchus and lung, unspecified"
"428","MONDO:0008903","lung cancer",16,"mondo->snomed,transitive->NLM mappings->icd9","forward","mydata:mdbxr","ICD9CM:199.1","Other malignant neoplasm without specification of site"
"430","MONDO:0008903","lung cancer",16,"mondo->snomed,transitive->NLM mappings->icd9","forward","mydata:mdbxr","ICD9CM:198.89","Secondary malignant neoplasm of other specified sites"
"435","MONDO:0006279","lung sarcomatoid carcinoma",25,"mondo->snomed,transitive->NLM mappings->icd9","forward","owl:equivalentClass","ICD9CM:162.9","Malignant neoplasm of bronchus and lung, unspecified"
"436","MONDO:0006279","lung sarcomatoid carcinoma",25,"mondo->snomed,transitive->NLM mappings->icd9","forward","skos:exactMatch","ICD9CM:162.9","Malignant neoplasm of bronchus and lung, unspecified"
"437","MONDO:0006279","lung sarcomatoid carcinoma",25,"mondo->snomed,transitive->NLM mappings->icd9","forward","mydata:mdbxr","ICD9CM:162.9","Malignant neoplasm of bronchus and lung, unspecified"
