mondoSub,ml,rare,syndromic,congenital,pathFamily,assertionOrientation,assertedPredicate,icdLeaf,icdVer,icdCode
http://purl.obolibrary.org/obo/MONDO_0002806,bronchogenic carcinoma,,,,"mondo->snomed,transitive->NLM mappings->icd9",forward,http://www.w3.org/2002/07/owl#equivalentClass,http://purl.bioontology.org/ontology/ICD9CM/162.9,ICD9CM,162.9
http://purl.obolibrary.org/obo/MONDO_0002806,bronchogenic carcinoma,,,,"mondo->snomed,transitive->NLM mappings->icd9",forward,http://www.w3.org/2004/02/skos/core#exactMatch,http://purl.bioontology.org/ontology/ICD9CM/162.9,ICD9CM,162.9
http://purl.obolibrary.org/obo/MONDO_0002806,bronchogenic carcinoma,,,,"mondo->snomed,transitive->NLM mappings->icd9",forward,http://example.com/resource/mdbxr,http://purl.bioontology.org/ontology/ICD9CM/162.9,ICD9CM,162.9
http://purl.obolibrary.org/obo/MONDO_0002806,bronchogenic carcinoma,,,,mondo->icd,forward,http://example.com/resource/mdbxr,http://purl.bioontology.org/ontology/ICD9CM/162.9,ICD9CM,162.9
http://purl.obolibrary.org/obo/MONDO_0005233,non-small cell lung carcinoma (disease),,,,mondo->icd,forward,http://example.com/resource/mdbxr,http://purl.bioontology.org/ontology/ICD10CM/C34.02,ICD10CM,C34.02
http://purl.obolibrary.org/obo/MONDO_0005233,non-small cell lung carcinoma (disease),,,,mondo->icd,forward,http://example.com/resource/mdbxr,http://purl.bioontology.org/ontology/ICD10CM/C34.0,ICD10CM,C34.0
http://purl.obolibrary.org/obo/MONDO_0005233,non-small cell lung carcinoma (disease),,,,mondo->icd,forward,http://example.com/resource/mdbxr,http://purl.bioontology.org/ontology/ICD10CM/C34.00,ICD10CM,C34.00
http://purl.obolibrary.org/obo/MONDO_0005233,non-small cell lung carcinoma (disease),,,,mondo->icd,forward,http://example.com/resource/mdbxr,http://purl.bioontology.org/ontology/ICD10CM/C34.01,ICD10CM,C34.01
http://purl.obolibrary.org/obo/MONDO_0005233,non-small cell lung carcinoma (disease),,,,mondo->icd,forward,http://example.com/resource/mdbxr,http://purl.bioontology.org/ontology/ICD10CM/C34,ICD10CM,C34
http://purl.obolibrary.org/obo/MONDO_0005061,lung adenocarcinoma,,,,"mondo->snomed,transitive->NLM mappings->icd9",forward,http://www.w3.org/2002/07/owl#equivalentClass,http://purl.bioontology.org/ontology/ICD9CM/199.1,ICD9CM,199.1
http://purl.obolibrary.org/obo/MONDO_0005061,lung adenocarcinoma,,,,"mondo->snomed,transitive->NLM mappings->icd9",forward,http://www.w3.org/2004/02/skos/core#exactMatch,http://purl.bioontology.org/ontology/ICD9CM/199.1,ICD9CM,199.1
http://purl.obolibrary.org/obo/MONDO_0005061,lung adenocarcinoma,,,,"mondo->snomed,transitive->NLM mappings->icd9",forward,http://example.com/resource/mdbxr,http://purl.bioontology.org/ontology/ICD9CM/199.1,ICD9CM,199.1
http://purl.obolibrary.org/obo/MONDO_0006275,lung giant cell carcinoma,,,,"mondo->snomed,transitive->NLM mappings->icd9",forward,http://www.w3.org/2002/07/owl#equivalentClass,http://purl.bioontology.org/ontology/ICD9CM/162.9,ICD9CM,162.9
http://purl.obolibrary.org/obo/MONDO_0006275,lung giant cell carcinoma,,,,"mondo->snomed,transitive->NLM mappings->icd9",forward,http://www.w3.org/2004/02/skos/core#exactMatch,http://purl.bioontology.org/ontology/ICD9CM/162.9,ICD9CM,162.9
http://purl.obolibrary.org/obo/MONDO_0006275,lung giant cell carcinoma,,,,"mondo->snomed,transitive->NLM mappings->icd9",forward,http://example.com/resource/mdbxr,http://purl.bioontology.org/ontology/ICD9CM/162.9,ICD9CM,162.9
http://purl.obolibrary.org/obo/MONDO_0006275,lung giant cell carcinoma,,,,mondo->icd,forward,http://example.com/resource/mdbxr,http://purl.bioontology.org/ontology/ICD9CM/162.9,ICD9CM,162.9
http://purl.obolibrary.org/obo/MONDO_0003436,lung oat cell carcinoma,true,,,"mondo->snomed,transitive->NLM mappings->icd9",forward,http://www.w3.org/2002/07/owl#equivalentClass,http://purl.bioontology.org/ontology/ICD9CM/162.9,ICD9CM,162.9
http://purl.obolibrary.org/obo/MONDO_0003436,lung oat cell carcinoma,true,,,"mondo->snomed,transitive->NLM mappings->icd9",forward,http://www.w3.org/2004/02/skos/core#exactMatch,http://purl.bioontology.org/ontology/ICD9CM/162.9,ICD9CM,162.9
http://purl.obolibrary.org/obo/MONDO_0003436,lung oat cell carcinoma,true,,,"mondo->snomed,transitive->NLM mappings->icd9",forward,http://example.com/resource/mdbxr,http://purl.bioontology.org/ontology/ICD9CM/162.9,ICD9CM,162.9
http://purl.obolibrary.org/obo/MONDO_0003436,lung oat cell carcinoma,true,,,mondo->icd,forward,http://example.com/resource/mdbxr,http://purl.bioontology.org/ontology/ICD9CM/162.9,ICD9CM,162.9
http://purl.obolibrary.org/obo/MONDO_0004973,adenosquamous lung carcinoma,,,,"mondo->snomed,transitive->NLM mappings->icd9",forward,http://www.w3.org/2002/07/owl#equivalentClass,http://purl.bioontology.org/ontology/ICD9CM/162.9,ICD9CM,162.9
http://purl.obolibrary.org/obo/MONDO_0004973,adenosquamous lung carcinoma,,,,"mondo->snomed,transitive->NLM mappings->icd9",forward,http://www.w3.org/2004/02/skos/core#exactMatch,http://purl.bioontology.org/ontology/ICD9CM/162.9,ICD9CM,162.9
http://purl.obolibrary.org/obo/MONDO_0004973,adenosquamous lung carcinoma,,,,"mondo->snomed,transitive->NLM mappings->icd9",forward,http://example.com/resource/mdbxr,http://purl.bioontology.org/ontology/ICD9CM/162.9,ICD9CM,162.9
http://purl.obolibrary.org/obo/MONDO_0004973,adenosquamous lung carcinoma,,,,mondo->icd,forward,http://example.com/resource/mdbxr,http://purl.bioontology.org/ontology/ICD9CM/162.9,ICD9CM,162.9
http://purl.obolibrary.org/obo/MONDO_0004332,lung hilum cancer,,,,mondo->CUI->icd,forward,http://www.w3.org/2004/02/skos/core#exactMatch,http://purl.bioontology.org/ontology/ICD10CM/C34.02,ICD10CM,C34.02
http://purl.obolibrary.org/obo/MONDO_0004332,lung hilum cancer,,,,mondo->CUI->icd,forward,http://www.w3.org/2004/02/skos/core#exactMatch,http://purl.bioontology.org/ontology/ICD10CM/C34.0,ICD10CM,C34.0
http://purl.obolibrary.org/obo/MONDO_0004332,lung hilum cancer,,,,mondo->CUI->icd,forward,http://www.w3.org/2004/02/skos/core#exactMatch,http://purl.bioontology.org/ontology/ICD10CM/C34.00,ICD10CM,C34.00
http://purl.obolibrary.org/obo/MONDO_0004332,lung hilum cancer,,,,mondo->CUI->icd,forward,http://www.w3.org/2004/02/skos/core#exactMatch,http://purl.bioontology.org/ontology/ICD10CM/C34.01,ICD10CM,C34.01
http://purl.obolibrary.org/obo/MONDO_0004332,lung hilum cancer,,,,mondo->CUI->icd,forward,http://example.com/resource/mdbxr,http://purl.bioontology.org/ontology/ICD10CM/C34.02,ICD10CM,C34.02
http://purl.obolibrary.org/obo/MONDO_0004332,lung hilum cancer,,,,mondo->CUI->icd,forward,http://example.com/resource/mdbxr,http://purl.bioontology.org/ontology/ICD10CM/C34.0,ICD10CM,C34.0
http://purl.obolibrary.org/obo/MONDO_0004332,lung hilum cancer,,,,mondo->CUI->icd,forward,http://example.com/resource/mdbxr,http://purl.bioontology.org/ontology/ICD10CM/C34.00,ICD10CM,C34.00
http://purl.obolibrary.org/obo/MONDO_0004332,lung hilum cancer,,,,mondo->CUI->icd,forward,http://example.com/resource/mdbxr,http://purl.bioontology.org/ontology/ICD10CM/C34.01,ICD10CM,C34.01
http://purl.obolibrary.org/obo/MONDO_0004332,lung hilum cancer,,,,mondo->CUI->icd,reverse,http://www.w3.org/2002/07/owl#equivalentClass,http://purl.bioontology.org/ontology/ICD10CM/C34.02,ICD10CM,C34.02
http://purl.obolibrary.org/obo/MONDO_0004332,lung hilum cancer,,,,mondo->CUI->icd,reverse,http://www.w3.org/2002/07/owl#equivalentClass,http://purl.bioontology.org/ontology/ICD10CM/C34.0,ICD10CM,C34.0
http://purl.obolibrary.org/obo/MONDO_0004332,lung hilum cancer,,,,mondo->CUI->icd,reverse,http://www.w3.org/2002/07/owl#equivalentClass,http://purl.bioontology.org/ontology/ICD10CM/C34.00,ICD10CM,C34.00
http://purl.obolibrary.org/obo/MONDO_0004332,lung hilum cancer,,,,mondo->CUI->icd,reverse,http://www.w3.org/2002/07/owl#equivalentClass,http://purl.bioontology.org/ontology/ICD10CM/C34.01,ICD10CM,C34.01
http://purl.obolibrary.org/obo/MONDO_0005138,lung carcinoma,,,,"mondo->snomed,transitive->NLM mappings->icd9",forward,http://www.w3.org/2004/02/skos/core#closeMatch,http://purl.bioontology.org/ontology/ICD9CM/198.89,ICD9CM,198.89
http://purl.obolibrary.org/obo/MONDO_0017292,well-differentiated fetal adenocarcinoma of the lung,true,,,mondo->icd,forward,http://example.com/resource/mdbxr,http://purl.bioontology.org/ontology/ICD10CM/C34.12,ICD10CM,C34.12
http://purl.obolibrary.org/obo/MONDO_0017292,well-differentiated fetal adenocarcinoma of the lung,true,,,mondo->icd,forward,http://example.com/resource/mdbxr,http://purl.bioontology.org/ontology/ICD10CM/C34.1,ICD10CM,C34.1
http://purl.obolibrary.org/obo/MONDO_0017292,well-differentiated fetal adenocarcinoma of the lung,true,,,mondo->icd,forward,http://example.com/resource/mdbxr,http://purl.bioontology.org/ontology/ICD10CM/C34.10,ICD10CM,C34.10
http://purl.obolibrary.org/obo/MONDO_0017292,well-differentiated fetal adenocarcinoma of the lung,true,,,mondo->icd,forward,http://example.com/resource/mdbxr,http://purl.bioontology.org/ontology/ICD10CM/C34.11,ICD10CM,C34.11
http://purl.obolibrary.org/obo/MONDO_0017292,well-differentiated fetal adenocarcinoma of the lung,true,,,mondo->icd,forward,http://example.com/resource/mdbxr,http://purl.bioontology.org/ontology/ICD10CM/C34.32,ICD10CM,C34.32
http://purl.obolibrary.org/obo/MONDO_0017292,well-differentiated fetal adenocarcinoma of the lung,true,,,mondo->icd,forward,http://example.com/resource/mdbxr,http://purl.bioontology.org/ontology/ICD10CM/C34.3,ICD10CM,C34.3
http://purl.obolibrary.org/obo/MONDO_0017292,well-differentiated fetal adenocarcinoma of the lung,true,,,mondo->icd,forward,http://example.com/resource/mdbxr,http://purl.bioontology.org/ontology/ICD10CM/C34.30,ICD10CM,C34.30
http://purl.obolibrary.org/obo/MONDO_0017292,well-differentiated fetal adenocarcinoma of the lung,true,,,mondo->icd,forward,http://example.com/resource/mdbxr,http://purl.bioontology.org/ontology/ICD10CM/C34.31,ICD10CM,C34.31
http://purl.obolibrary.org/obo/MONDO_0017292,well-differentiated fetal adenocarcinoma of the lung,true,,,mondo->icd,forward,http://example.com/resource/mdbxr,http://purl.bioontology.org/ontology/ICD10CM/C34.2,ICD10CM,C34.2
http://purl.obolibrary.org/obo/MONDO_0017292,well-differentiated fetal adenocarcinoma of the lung,true,,,mondo->icd,forward,http://example.com/resource/mdbxr,http://purl.bioontology.org/ontology/ICD10CM/C34.8,ICD10CM,C34.8
http://purl.obolibrary.org/obo/MONDO_0017292,well-differentiated fetal adenocarcinoma of the lung,true,,,mondo->icd,forward,http://example.com/resource/mdbxr,http://purl.bioontology.org/ontology/ICD10CM/C34.82,ICD10CM,C34.82
http://purl.obolibrary.org/obo/MONDO_0017292,well-differentiated fetal adenocarcinoma of the lung,true,,,mondo->icd,forward,http://example.com/resource/mdbxr,http://purl.bioontology.org/ontology/ICD10CM/C34.80,ICD10CM,C34.80
http://purl.obolibrary.org/obo/MONDO_0017292,well-differentiated fetal adenocarcinoma of the lung,true,,,mondo->icd,forward,http://example.com/resource/mdbxr,http://purl.bioontology.org/ontology/ICD10CM/C34.81,ICD10CM,C34.81
http://purl.obolibrary.org/obo/MONDO_0003181,lung adenoid cystic carcinoma,,,,"mondo->snomed,transitive->NLM mappings->icd9",forward,http://www.w3.org/2002/07/owl#equivalentClass,http://purl.bioontology.org/ontology/ICD9CM/162.9,ICD9CM,162.9
http://purl.obolibrary.org/obo/MONDO_0003181,lung adenoid cystic carcinoma,,,,"mondo->snomed,transitive->NLM mappings->icd9",forward,http://www.w3.org/2004/02/skos/core#exactMatch,http://purl.bioontology.org/ontology/ICD9CM/162.9,ICD9CM,162.9
http://purl.obolibrary.org/obo/MONDO_0003181,lung adenoid cystic carcinoma,,,,"mondo->snomed,transitive->NLM mappings->icd9",forward,http://example.com/resource/mdbxr,http://purl.bioontology.org/ontology/ICD9CM/162.9,ICD9CM,162.9
http://purl.obolibrary.org/obo/MONDO_0003181,lung adenoid cystic carcinoma,,,,mondo->icd,forward,http://example.com/resource/mdbxr,http://purl.bioontology.org/ontology/ICD9CM/162.9,ICD9CM,162.9
http://purl.obolibrary.org/obo/MONDO_0006049,papillary lung adenocarcinoma,,,,"mondo->snomed,transitive->NLM mappings->icd9",forward,http://www.w3.org/2002/07/owl#equivalentClass,http://purl.bioontology.org/ontology/ICD9CM/162.9,ICD9CM,162.9
http://purl.obolibrary.org/obo/MONDO_0006049,papillary lung adenocarcinoma,,,,"mondo->snomed,transitive->NLM mappings->icd9",forward,http://www.w3.org/2004/02/skos/core#exactMatch,http://purl.bioontology.org/ontology/ICD9CM/162.9,ICD9CM,162.9
http://purl.obolibrary.org/obo/MONDO_0006049,papillary lung adenocarcinoma,,,,"mondo->snomed,transitive->NLM mappings->icd9",forward,http://example.com/resource/mdbxr,http://purl.bioontology.org/ontology/ICD9CM/162.9,ICD9CM,162.9
http://purl.obolibrary.org/obo/MONDO_0006049,papillary lung adenocarcinoma,,,,mondo->icd,forward,http://example.com/resource/mdbxr,http://purl.bioontology.org/ontology/ICD9CM/162.9,ICD9CM,162.9
http://purl.obolibrary.org/obo/MONDO_0023275,Graham-Boyle-Troxell syndrome,true,true,true,"mondo->snomed,transitive->NLM mappings->icd9",forward,http://www.w3.org/2002/07/owl#equivalentClass,http://purl.bioontology.org/ontology/ICD9CM/759.6,ICD9CM,759.6
http://purl.obolibrary.org/obo/MONDO_0023275,Graham-Boyle-Troxell syndrome,true,true,true,"mondo->snomed,transitive->NLM mappings->icd9",forward,http://www.w3.org/2004/02/skos/core#exactMatch,http://purl.bioontology.org/ontology/ICD9CM/759.6,ICD9CM,759.6
http://purl.obolibrary.org/obo/MONDO_0023275,Graham-Boyle-Troxell syndrome,true,true,true,"mondo->snomed,transitive->NLM mappings->icd9",forward,http://example.com/resource/mdbxr,http://purl.bioontology.org/ontology/ICD9CM/759.6,ICD9CM,759.6
http://purl.obolibrary.org/obo/MONDO_0023275,Graham-Boyle-Troxell syndrome,true,true,true,mondo->icd,forward,http://example.com/resource/mdbxr,http://purl.bioontology.org/ontology/ICD10CM/Q85.8,ICD10CM,Q85.8
http://purl.obolibrary.org/obo/MONDO_0023275,Graham-Boyle-Troxell syndrome,true,true,true,mondo->icd,forward,http://example.com/resource/mdbxr,http://purl.bioontology.org/ontology/ICD9CM/759.6,ICD9CM,759.6
http://purl.obolibrary.org/obo/MONDO_0000375,bronchus carcinoma in situ,,,,"mondo->snomed,transitive->NLM mappings->icd9",forward,http://www.w3.org/2002/07/owl#equivalentClass,http://purl.bioontology.org/ontology/ICD9CM/231.2,ICD9CM,231.2
http://purl.obolibrary.org/obo/MONDO_0000375,bronchus carcinoma in situ,,,,"mondo->snomed,transitive->NLM mappings->icd9",forward,http://www.w3.org/2004/02/skos/core#exactMatch,http://purl.bioontology.org/ontology/ICD9CM/231.2,ICD9CM,231.2
http://purl.obolibrary.org/obo/MONDO_0000375,bronchus carcinoma in situ,,,,"mondo->snomed,transitive->NLM mappings->icd9",forward,http://example.com/resource/mdbxr,http://purl.bioontology.org/ontology/ICD9CM/231.2,ICD9CM,231.2
http://purl.obolibrary.org/obo/MONDO_0000375,bronchus carcinoma in situ,,,,mondo->snomed->CUI->icd,forward,http://www.w3.org/2002/07/owl#equivalentClass,http://purl.bioontology.org/ontology/ICD10CM/D02.20,ICD10CM,D02.20
http://purl.obolibrary.org/obo/MONDO_0000375,bronchus carcinoma in situ,,,,mondo->snomed->CUI->icd,forward,http://www.w3.org/2002/07/owl#equivalentClass,http://purl.bioontology.org/ontology/ICD10CM/D02.2,ICD10CM,D02.2
http://purl.obolibrary.org/obo/MONDO_0000375,bronchus carcinoma in situ,,,,mondo->snomed->CUI->icd,forward,http://www.w3.org/2002/07/owl#equivalentClass,http://purl.bioontology.org/ontology/ICD10CM/D02.21,ICD10CM,D02.21
http://purl.obolibrary.org/obo/MONDO_0000375,bronchus carcinoma in situ,,,,mondo->snomed->CUI->icd,forward,http://www.w3.org/2002/07/owl#equivalentClass,http://purl.bioontology.org/ontology/ICD10CM/D02.22,ICD10CM,D02.22
http://purl.obolibrary.org/obo/MONDO_0000375,bronchus carcinoma in situ,,,,mondo->snomed->CUI->icd,forward,http://www.w3.org/2004/02/skos/core#exactMatch,http://purl.bioontology.org/ontology/ICD10CM/D02.20,ICD10CM,D02.20
http://purl.obolibrary.org/obo/MONDO_0000375,bronchus carcinoma in situ,,,,mondo->snomed->CUI->icd,forward,http://www.w3.org/2004/02/skos/core#exactMatch,http://purl.bioontology.org/ontology/ICD10CM/D02.2,ICD10CM,D02.2
http://purl.obolibrary.org/obo/MONDO_0000375,bronchus carcinoma in situ,,,,mondo->snomed->CUI->icd,forward,http://www.w3.org/2004/02/skos/core#exactMatch,http://purl.bioontology.org/ontology/ICD10CM/D02.21,ICD10CM,D02.21
http://purl.obolibrary.org/obo/MONDO_0000375,bronchus carcinoma in situ,,,,mondo->snomed->CUI->icd,forward,http://www.w3.org/2004/02/skos/core#exactMatch,http://purl.bioontology.org/ontology/ICD10CM/D02.22,ICD10CM,D02.22
http://purl.obolibrary.org/obo/MONDO_0000375,bronchus carcinoma in situ,,,,mondo->snomed->CUI->icd,forward,http://example.com/resource/mdbxr,http://purl.bioontology.org/ontology/ICD10CM/D02.20,ICD10CM,D02.20
http://purl.obolibrary.org/obo/MONDO_0000375,bronchus carcinoma in situ,,,,mondo->snomed->CUI->icd,forward,http://example.com/resource/mdbxr,http://purl.bioontology.org/ontology/ICD10CM/D02.2,ICD10CM,D02.2
http://purl.obolibrary.org/obo/MONDO_0000375,bronchus carcinoma in situ,,,,mondo->snomed->CUI->icd,forward,http://example.com/resource/mdbxr,http://purl.bioontology.org/ontology/ICD10CM/D02.21,ICD10CM,D02.21
http://purl.obolibrary.org/obo/MONDO_0000375,bronchus carcinoma in situ,,,,mondo->snomed->CUI->icd,forward,http://example.com/resource/mdbxr,http://purl.bioontology.org/ontology/ICD10CM/D02.22,ICD10CM,D02.22
http://purl.obolibrary.org/obo/MONDO_0000375,bronchus carcinoma in situ,,,,mondo->snomed->CUI->icd,forward,http://www.w3.org/2002/07/owl#equivalentClass,http://purl.bioontology.org/ontology/ICD9CM/231.2,ICD9CM,231.2
http://purl.obolibrary.org/obo/MONDO_0000375,bronchus carcinoma in situ,,,,mondo->snomed->CUI->icd,forward,http://www.w3.org/2004/02/skos/core#exactMatch,http://purl.bioontology.org/ontology/ICD9CM/231.2,ICD9CM,231.2
http://purl.obolibrary.org/obo/MONDO_0000375,bronchus carcinoma in situ,,,,mondo->snomed->CUI->icd,forward,http://example.com/resource/mdbxr,http://purl.bioontology.org/ontology/ICD9CM/231.2,ICD9CM,231.2
http://purl.obolibrary.org/obo/MONDO_0016644,Logopenic progressive aphasia,true,,,mondo->icd,forward,http://example.com/resource/mdbxr,http://purl.bioontology.org/ontology/ICD10CM/G31.01,ICD10CM,G31.01
http://purl.obolibrary.org/obo/MONDO_0016644,Logopenic progressive aphasia,true,,,mondo->icd,forward,http://example.com/resource/mdbxr,http://purl.bioontology.org/ontology/ICD10CM/G31.0,ICD10CM,G31.0
http://purl.obolibrary.org/obo/MONDO_0016644,Logopenic progressive aphasia,true,,,mondo->icd,forward,http://example.com/resource/mdbxr,http://purl.bioontology.org/ontology/ICD10CM/G31.09,ICD10CM,G31.09
http://purl.obolibrary.org/obo/MONDO_0020555,pleuropulmonary blastoma type 1,true,,,"mondo->snomed,transitive->NLM mappings->icd9",forward,http://www.w3.org/2002/07/owl#equivalentClass,http://purl.bioontology.org/ontology/ICD9CM/162.9,ICD9CM,162.9
http://purl.obolibrary.org/obo/MONDO_0020555,pleuropulmonary blastoma type 1,true,,,"mondo->snomed,transitive->NLM mappings->icd9",forward,http://www.w3.org/2004/02/skos/core#exactMatch,http://purl.bioontology.org/ontology/ICD9CM/162.9,ICD9CM,162.9
http://purl.obolibrary.org/obo/MONDO_0020555,pleuropulmonary blastoma type 1,true,,,"mondo->snomed,transitive->NLM mappings->icd9",forward,http://example.com/resource/mdbxr,http://purl.bioontology.org/ontology/ICD9CM/162.9,ICD9CM,162.9
http://purl.obolibrary.org/obo/MONDO_0020555,pleuropulmonary blastoma type 1,true,,,mondo->icd,forward,http://example.com/resource/mdbxr,http://purl.bioontology.org/ontology/ICD10CM/C34.12,ICD10CM,C34.12
http://purl.obolibrary.org/obo/MONDO_0020555,pleuropulmonary blastoma type 1,true,,,mondo->icd,forward,http://example.com/resource/mdbxr,http://purl.bioontology.org/ontology/ICD10CM/C34.1,ICD10CM,C34.1
http://purl.obolibrary.org/obo/MONDO_0020555,pleuropulmonary blastoma type 1,true,,,mondo->icd,forward,http://example.com/resource/mdbxr,http://purl.bioontology.org/ontology/ICD10CM/C34.10,ICD10CM,C34.10
http://purl.obolibrary.org/obo/MONDO_0020555,pleuropulmonary blastoma type 1,true,,,mondo->icd,forward,http://example.com/resource/mdbxr,http://purl.bioontology.org/ontology/ICD10CM/C34.11,ICD10CM,C34.11
http://purl.obolibrary.org/obo/MONDO_0020555,pleuropulmonary blastoma type 1,true,,,mondo->icd,forward,http://example.com/resource/mdbxr,http://purl.bioontology.org/ontology/ICD10CM/C34.32,ICD10CM,C34.32
http://purl.obolibrary.org/obo/MONDO_0020555,pleuropulmonary blastoma type 1,true,,,mondo->icd,forward,http://example.com/resource/mdbxr,http://purl.bioontology.org/ontology/ICD10CM/C34.3,ICD10CM,C34.3
http://purl.obolibrary.org/obo/MONDO_0020555,pleuropulmonary blastoma type 1,true,,,mondo->icd,forward,http://example.com/resource/mdbxr,http://purl.bioontology.org/ontology/ICD10CM/C34.30,ICD10CM,C34.30
http://purl.obolibrary.org/obo/MONDO_0020555,pleuropulmonary blastoma type 1,true,,,mondo->icd,forward,http://example.com/resource/mdbxr,http://purl.bioontology.org/ontology/ICD10CM/C34.31,ICD10CM,C34.31
http://purl.obolibrary.org/obo/MONDO_0020555,pleuropulmonary blastoma type 1,true,,,mondo->icd,forward,http://example.com/resource/mdbxr,http://purl.bioontology.org/ontology/ICD10CM/C34.2,ICD10CM,C34.2
http://purl.obolibrary.org/obo/MONDO_0020555,pleuropulmonary blastoma type 1,true,,,mondo->icd,forward,http://example.com/resource/mdbxr,http://purl.bioontology.org/ontology/ICD10CM/C34.9,ICD10CM,C34.9
http://purl.obolibrary.org/obo/MONDO_0020555,pleuropulmonary blastoma type 1,true,,,mondo->icd,forward,http://example.com/resource/mdbxr,http://purl.bioontology.org/ontology/ICD10CM/C34.91,ICD10CM,C34.91
http://purl.obolibrary.org/obo/MONDO_0020555,pleuropulmonary blastoma type 1,true,,,mondo->icd,forward,http://example.com/resource/mdbxr,http://purl.bioontology.org/ontology/ICD10CM/C34.90,ICD10CM,C34.90
http://purl.obolibrary.org/obo/MONDO_0020555,pleuropulmonary blastoma type 1,true,,,mondo->icd,forward,http://example.com/resource/mdbxr,http://purl.bioontology.org/ontology/ICD10CM/C34.92,ICD10CM,C34.92
http://purl.obolibrary.org/obo/MONDO_0020555,pleuropulmonary blastoma type 1,true,,,mondo->icd,forward,http://example.com/resource/mdbxr,http://purl.bioontology.org/ontology/ICD10CM/C34.8,ICD10CM,C34.8
http://purl.obolibrary.org/obo/MONDO_0020555,pleuropulmonary blastoma type 1,true,,,mondo->icd,forward,http://example.com/resource/mdbxr,http://purl.bioontology.org/ontology/ICD10CM/C34.82,ICD10CM,C34.82
http://purl.obolibrary.org/obo/MONDO_0020555,pleuropulmonary blastoma type 1,true,,,mondo->icd,forward,http://example.com/resource/mdbxr,http://purl.bioontology.org/ontology/ICD10CM/C34.80,ICD10CM,C34.80
http://purl.obolibrary.org/obo/MONDO_0020555,pleuropulmonary blastoma type 1,true,,,mondo->icd,forward,http://example.com/resource/mdbxr,http://purl.bioontology.org/ontology/ICD10CM/C34.81,ICD10CM,C34.81
http://purl.obolibrary.org/obo/MONDO_0020555,pleuropulmonary blastoma type 1,true,,,mondo->icd,forward,http://example.com/resource/mdbxr,http://purl.bioontology.org/ontology/ICD9CM/162.9,ICD9CM,162.9
http://purl.obolibrary.org/obo/MONDO_0020556,pleuropulmonary blastoma type 2,true,,,"mondo->snomed,transitive->NLM mappings->icd9",forward,http://www.w3.org/2002/07/owl#equivalentClass,http://purl.bioontology.org/ontology/ICD9CM/162.9,ICD9CM,162.9
http://purl.obolibrary.org/obo/MONDO_0020556,pleuropulmonary blastoma type 2,true,,,"mondo->snomed,transitive->NLM mappings->icd9",forward,http://www.w3.org/2004/02/skos/core#exactMatch,http://purl.bioontology.org/ontology/ICD9CM/162.9,ICD9CM,162.9
http://purl.obolibrary.org/obo/MONDO_0020556,pleuropulmonary blastoma type 2,true,,,"mondo->snomed,transitive->NLM mappings->icd9",forward,http://example.com/resource/mdbxr,http://purl.bioontology.org/ontology/ICD9CM/162.9,ICD9CM,162.9
http://purl.obolibrary.org/obo/MONDO_0020556,pleuropulmonary blastoma type 2,true,,,mondo->icd,forward,http://example.com/resource/mdbxr,http://purl.bioontology.org/ontology/ICD10CM/C34.12,ICD10CM,C34.12
http://purl.obolibrary.org/obo/MONDO_0020556,pleuropulmonary blastoma type 2,true,,,mondo->icd,forward,http://example.com/resource/mdbxr,http://purl.bioontology.org/ontology/ICD10CM/C34.1,ICD10CM,C34.1
http://purl.obolibrary.org/obo/MONDO_0020556,pleuropulmonary blastoma type 2,true,,,mondo->icd,forward,http://example.com/resource/mdbxr,http://purl.bioontology.org/ontology/ICD10CM/C34.10,ICD10CM,C34.10
http://purl.obolibrary.org/obo/MONDO_0020556,pleuropulmonary blastoma type 2,true,,,mondo->icd,forward,http://example.com/resource/mdbxr,http://purl.bioontology.org/ontology/ICD10CM/C34.11,ICD10CM,C34.11
http://purl.obolibrary.org/obo/MONDO_0020556,pleuropulmonary blastoma type 2,true,,,mondo->icd,forward,http://example.com/resource/mdbxr,http://purl.bioontology.org/ontology/ICD10CM/C34.32,ICD10CM,C34.32
http://purl.obolibrary.org/obo/MONDO_0020556,pleuropulmonary blastoma type 2,true,,,mondo->icd,forward,http://example.com/resource/mdbxr,http://purl.bioontology.org/ontology/ICD10CM/C34.3,ICD10CM,C34.3
http://purl.obolibrary.org/obo/MONDO_0020556,pleuropulmonary blastoma type 2,true,,,mondo->icd,forward,http://example.com/resource/mdbxr,http://purl.bioontology.org/ontology/ICD10CM/C34.30,ICD10CM,C34.30
http://purl.obolibrary.org/obo/MONDO_0020556,pleuropulmonary blastoma type 2,true,,,mondo->icd,forward,http://example.com/resource/mdbxr,http://purl.bioontology.org/ontology/ICD10CM/C34.31,ICD10CM,C34.31
http://purl.obolibrary.org/obo/MONDO_0020556,pleuropulmonary blastoma type 2,true,,,mondo->icd,forward,http://example.com/resource/mdbxr,http://purl.bioontology.org/ontology/ICD10CM/C34.2,ICD10CM,C34.2
http://purl.obolibrary.org/obo/MONDO_0020556,pleuropulmonary blastoma type 2,true,,,mondo->icd,forward,http://example.com/resource/mdbxr,http://purl.bioontology.org/ontology/ICD10CM/C34.9,ICD10CM,C34.9
http://purl.obolibrary.org/obo/MONDO_0020556,pleuropulmonary blastoma type 2,true,,,mondo->icd,forward,http://example.com/resource/mdbxr,http://purl.bioontology.org/ontology/ICD10CM/C34.91,ICD10CM,C34.91
http://purl.obolibrary.org/obo/MONDO_0020556,pleuropulmonary blastoma type 2,true,,,mondo->icd,forward,http://example.com/resource/mdbxr,http://purl.bioontology.org/ontology/ICD10CM/C34.90,ICD10CM,C34.90
http://purl.obolibrary.org/obo/MONDO_0020556,pleuropulmonary blastoma type 2,true,,,mondo->icd,forward,http://example.com/resource/mdbxr,http://purl.bioontology.org/ontology/ICD10CM/C34.92,ICD10CM,C34.92
http://purl.obolibrary.org/obo/MONDO_0020556,pleuropulmonary blastoma type 2,true,,,mondo->icd,forward,http://example.com/resource/mdbxr,http://purl.bioontology.org/ontology/ICD10CM/C34.8,ICD10CM,C34.8
http://purl.obolibrary.org/obo/MONDO_0020556,pleuropulmonary blastoma type 2,true,,,mondo->icd,forward,http://example.com/resource/mdbxr,http://purl.bioontology.org/ontology/ICD10CM/C34.82,ICD10CM,C34.82
http://purl.obolibrary.org/obo/MONDO_0020556,pleuropulmonary blastoma type 2,true,,,mondo->icd,forward,http://example.com/resource/mdbxr,http://purl.bioontology.org/ontology/ICD10CM/C34.80,ICD10CM,C34.80
http://purl.obolibrary.org/obo/MONDO_0020556,pleuropulmonary blastoma type 2,true,,,mondo->icd,forward,http://example.com/resource/mdbxr,http://purl.bioontology.org/ontology/ICD10CM/C34.81,ICD10CM,C34.81
http://purl.obolibrary.org/obo/MONDO_0020556,pleuropulmonary blastoma type 2,true,,,mondo->icd,forward,http://example.com/resource/mdbxr,http://purl.bioontology.org/ontology/ICD9CM/162.9,ICD9CM,162.9
http://purl.obolibrary.org/obo/MONDO_0020557,pleuropulmonary blastoma type 3,true,,,"mondo->snomed,transitive->NLM mappings->icd9",forward,http://www.w3.org/2002/07/owl#equivalentClass,http://purl.bioontology.org/ontology/ICD9CM/162.9,ICD9CM,162.9
http://purl.obolibrary.org/obo/MONDO_0020557,pleuropulmonary blastoma type 3,true,,,"mondo->snomed,transitive->NLM mappings->icd9",forward,http://www.w3.org/2004/02/skos/core#exactMatch,http://purl.bioontology.org/ontology/ICD9CM/162.9,ICD9CM,162.9
http://purl.obolibrary.org/obo/MONDO_0020557,pleuropulmonary blastoma type 3,true,,,"mondo->snomed,transitive->NLM mappings->icd9",forward,http://example.com/resource/mdbxr,http://purl.bioontology.org/ontology/ICD9CM/162.9,ICD9CM,162.9
http://purl.obolibrary.org/obo/MONDO_0020557,pleuropulmonary blastoma type 3,true,,,mondo->icd,forward,http://example.com/resource/mdbxr,http://purl.bioontology.org/ontology/ICD10CM/C34.12,ICD10CM,C34.12
http://purl.obolibrary.org/obo/MONDO_0020557,pleuropulmonary blastoma type 3,true,,,mondo->icd,forward,http://example.com/resource/mdbxr,http://purl.bioontology.org/ontology/ICD10CM/C34.1,ICD10CM,C34.1
http://purl.obolibrary.org/obo/MONDO_0020557,pleuropulmonary blastoma type 3,true,,,mondo->icd,forward,http://example.com/resource/mdbxr,http://purl.bioontology.org/ontology/ICD10CM/C34.10,ICD10CM,C34.10
http://purl.obolibrary.org/obo/MONDO_0020557,pleuropulmonary blastoma type 3,true,,,mondo->icd,forward,http://example.com/resource/mdbxr,http://purl.bioontology.org/ontology/ICD10CM/C34.11,ICD10CM,C34.11
http://purl.obolibrary.org/obo/MONDO_0020557,pleuropulmonary blastoma type 3,true,,,mondo->icd,forward,http://example.com/resource/mdbxr,http://purl.bioontology.org/ontology/ICD10CM/C34.32,ICD10CM,C34.32
http://purl.obolibrary.org/obo/MONDO_0020557,pleuropulmonary blastoma type 3,true,,,mondo->icd,forward,http://example.com/resource/mdbxr,http://purl.bioontology.org/ontology/ICD10CM/C34.3,ICD10CM,C34.3
http://purl.obolibrary.org/obo/MONDO_0020557,pleuropulmonary blastoma type 3,true,,,mondo->icd,forward,http://example.com/resource/mdbxr,http://purl.bioontology.org/ontology/ICD10CM/C34.30,ICD10CM,C34.30
http://purl.obolibrary.org/obo/MONDO_0020557,pleuropulmonary blastoma type 3,true,,,mondo->icd,forward,http://example.com/resource/mdbxr,http://purl.bioontology.org/ontology/ICD10CM/C34.31,ICD10CM,C34.31
http://purl.obolibrary.org/obo/MONDO_0020557,pleuropulmonary blastoma type 3,true,,,mondo->icd,forward,http://example.com/resource/mdbxr,http://purl.bioontology.org/ontology/ICD10CM/C34.2,ICD10CM,C34.2
http://purl.obolibrary.org/obo/MONDO_0020557,pleuropulmonary blastoma type 3,true,,,mondo->icd,forward,http://example.com/resource/mdbxr,http://purl.bioontology.org/ontology/ICD10CM/C34.9,ICD10CM,C34.9
http://purl.obolibrary.org/obo/MONDO_0020557,pleuropulmonary blastoma type 3,true,,,mondo->icd,forward,http://example.com/resource/mdbxr,http://purl.bioontology.org/ontology/ICD10CM/C34.91,ICD10CM,C34.91
http://purl.obolibrary.org/obo/MONDO_0020557,pleuropulmonary blastoma type 3,true,,,mondo->icd,forward,http://example.com/resource/mdbxr,http://purl.bioontology.org/ontology/ICD10CM/C34.90,ICD10CM,C34.90
http://purl.obolibrary.org/obo/MONDO_0020557,pleuropulmonary blastoma type 3,true,,,mondo->icd,forward,http://example.com/resource/mdbxr,http://purl.bioontology.org/ontology/ICD10CM/C34.92,ICD10CM,C34.92
http://purl.obolibrary.org/obo/MONDO_0020557,pleuropulmonary blastoma type 3,true,,,mondo->icd,forward,http://example.com/resource/mdbxr,http://purl.bioontology.org/ontology/ICD10CM/C34.8,ICD10CM,C34.8
http://purl.obolibrary.org/obo/MONDO_0020557,pleuropulmonary blastoma type 3,true,,,mondo->icd,forward,http://example.com/resource/mdbxr,http://purl.bioontology.org/ontology/ICD10CM/C34.82,ICD10CM,C34.82
http://purl.obolibrary.org/obo/MONDO_0020557,pleuropulmonary blastoma type 3,true,,,mondo->icd,forward,http://example.com/resource/mdbxr,http://purl.bioontology.org/ontology/ICD10CM/C34.80,ICD10CM,C34.80
http://purl.obolibrary.org/obo/MONDO_0020557,pleuropulmonary blastoma type 3,true,,,mondo->icd,forward,http://example.com/resource/mdbxr,http://purl.bioontology.org/ontology/ICD10CM/C34.81,ICD10CM,C34.81
http://purl.obolibrary.org/obo/MONDO_0020557,pleuropulmonary blastoma type 3,true,,,mondo->icd,forward,http://example.com/resource/mdbxr,http://purl.bioontology.org/ontology/ICD9CM/162.9,ICD9CM,162.9
http://purl.obolibrary.org/obo/MONDO_0008433,small cell lung carcinoma,true,,,mondo->icd,forward,http://example.com/resource/mdbxr,http://purl.bioontology.org/ontology/ICD10CM/C34.9,ICD10CM,C34.9
http://purl.obolibrary.org/obo/MONDO_0008433,small cell lung carcinoma,true,,,mondo->icd,forward,http://example.com/resource/mdbxr,http://purl.bioontology.org/ontology/ICD10CM/C34.91,ICD10CM,C34.91
http://purl.obolibrary.org/obo/MONDO_0008433,small cell lung carcinoma,true,,,mondo->icd,forward,http://example.com/resource/mdbxr,http://purl.bioontology.org/ontology/ICD10CM/C34.90,ICD10CM,C34.90
http://purl.obolibrary.org/obo/MONDO_0008433,small cell lung carcinoma,true,,,mondo->icd,forward,http://example.com/resource/mdbxr,http://purl.bioontology.org/ontology/ICD10CM/C34.92,ICD10CM,C34.92
http://purl.obolibrary.org/obo/MONDO_0006277,lung lymphangioleiomyomatosis,true,,,"mondo->snomed,transitive->NLM mappings->icd9",forward,http://www.w3.org/2002/07/owl#equivalentClass,http://purl.bioontology.org/ontology/ICD9CM/416.8,ICD9CM,416.8
http://purl.obolibrary.org/obo/MONDO_0006277,lung lymphangioleiomyomatosis,true,,,"mondo->snomed,transitive->NLM mappings->icd9",forward,http://www.w3.org/2002/07/owl#equivalentClass,http://purl.bioontology.org/ontology/ICD9CM/518.89,ICD9CM,518.89
http://purl.obolibrary.org/obo/MONDO_0006277,lung lymphangioleiomyomatosis,true,,,"mondo->snomed,transitive->NLM mappings->icd9",forward,http://www.w3.org/2004/02/skos/core#exactMatch,http://purl.bioontology.org/ontology/ICD9CM/416.8,ICD9CM,416.8
http://purl.obolibrary.org/obo/MONDO_0006277,lung lymphangioleiomyomatosis,true,,,"mondo->snomed,transitive->NLM mappings->icd9",forward,http://www.w3.org/2004/02/skos/core#exactMatch,http://purl.bioontology.org/ontology/ICD9CM/518.89,ICD9CM,518.89
http://purl.obolibrary.org/obo/MONDO_0006277,lung lymphangioleiomyomatosis,true,,,"mondo->snomed,transitive->NLM mappings->icd9",forward,http://example.com/resource/mdbxr,http://purl.bioontology.org/ontology/ICD9CM/416.8,ICD9CM,416.8
http://purl.obolibrary.org/obo/MONDO_0006277,lung lymphangioleiomyomatosis,true,,,"mondo->snomed,transitive->NLM mappings->icd9",forward,http://example.com/resource/mdbxr,http://purl.bioontology.org/ontology/ICD9CM/518.89,ICD9CM,518.89
http://purl.obolibrary.org/obo/MONDO_0006277,lung lymphangioleiomyomatosis,true,,,mondo->icd,forward,http://example.com/resource/mdbxr,http://purl.bioontology.org/ontology/ICD10CM/D48.7,ICD10CM,D48.7
http://purl.obolibrary.org/obo/MONDO_0006277,lung lymphangioleiomyomatosis,true,,,mondo->icd,forward,http://example.com/resource/mdbxr,http://purl.bioontology.org/ontology/ICD9CM/518.89,ICD9CM,518.89
http://purl.obolibrary.org/obo/MONDO_0006277,lung lymphangioleiomyomatosis,true,,,mondo->CUI->icd,forward,http://www.w3.org/2004/02/skos/core#exactMatch,http://purl.bioontology.org/ontology/ICD10CM/J84.81,ICD10CM,J84.81
http://purl.obolibrary.org/obo/MONDO_0006277,lung lymphangioleiomyomatosis,true,,,mondo->CUI->icd,forward,http://www.w3.org/2004/02/skos/core#exactMatch,http://purl.bioontology.org/ontology/ICD9CM/516.4,ICD9CM,516.4
http://purl.obolibrary.org/obo/MONDO_0006281,lung signet ring cell carcinoma,,,,"mondo->snomed,transitive->NLM mappings->icd9",forward,http://www.w3.org/2002/07/owl#equivalentClass,http://purl.bioontology.org/ontology/ICD9CM/162.9,ICD9CM,162.9
http://purl.obolibrary.org/obo/MONDO_0006281,lung signet ring cell carcinoma,,,,"mondo->snomed,transitive->NLM mappings->icd9",forward,http://www.w3.org/2004/02/skos/core#exactMatch,http://purl.bioontology.org/ontology/ICD9CM/162.9,ICD9CM,162.9
http://purl.obolibrary.org/obo/MONDO_0006281,lung signet ring cell carcinoma,,,,"mondo->snomed,transitive->NLM mappings->icd9",forward,http://example.com/resource/mdbxr,http://purl.bioontology.org/ontology/ICD9CM/162.9,ICD9CM,162.9
http://purl.obolibrary.org/obo/MONDO_0006281,lung signet ring cell carcinoma,,,,mondo->icd,forward,http://example.com/resource/mdbxr,http://purl.bioontology.org/ontology/ICD9CM/162.9,ICD9CM,162.9
http://purl.obolibrary.org/obo/MONDO_0008903,lung cancer,,,,"mondo->snomed,transitive->NLM mappings->icd9",forward,http://www.w3.org/2002/07/owl#equivalentClass,http://purl.bioontology.org/ontology/ICD9CM/197.0,ICD9CM,197.0
http://purl.obolibrary.org/obo/MONDO_0008903,lung cancer,,,,"mondo->snomed,transitive->NLM mappings->icd9",forward,http://www.w3.org/2002/07/owl#equivalentClass,http://purl.bioontology.org/ontology/ICD9CM/162.8,ICD9CM,162.8
http://purl.obolibrary.org/obo/MONDO_0008903,lung cancer,,,,"mondo->snomed,transitive->NLM mappings->icd9",forward,http://www.w3.org/2002/07/owl#equivalentClass,http://purl.bioontology.org/ontology/ICD9CM/202.80,ICD9CM,202.80
http://purl.obolibrary.org/obo/MONDO_0008903,lung cancer,,,,"mondo->snomed,transitive->NLM mappings->icd9",forward,http://www.w3.org/2002/07/owl#equivalentClass,http://purl.bioontology.org/ontology/ICD9CM/235.7,ICD9CM,235.7
http://purl.obolibrary.org/obo/MONDO_0008903,lung cancer,,,,"mondo->snomed,transitive->NLM mappings->icd9",forward,http://www.w3.org/2002/07/owl#equivalentClass,http://purl.bioontology.org/ontology/ICD9CM/162.4,ICD9CM,162.4
http://purl.obolibrary.org/obo/MONDO_0008903,lung cancer,,,,"mondo->snomed,transitive->NLM mappings->icd9",forward,http://www.w3.org/2002/07/owl#equivalentClass,http://purl.bioontology.org/ontology/ICD9CM/162.5,ICD9CM,162.5
http://purl.obolibrary.org/obo/MONDO_0008903,lung cancer,,,,"mondo->snomed,transitive->NLM mappings->icd9",forward,http://www.w3.org/2002/07/owl#equivalentClass,http://purl.bioontology.org/ontology/ICD9CM/415.19,ICD9CM,415.19
http://purl.obolibrary.org/obo/MONDO_0008903,lung cancer,,,,"mondo->snomed,transitive->NLM mappings->icd9",forward,http://www.w3.org/2002/07/owl#equivalentClass,http://purl.bioontology.org/ontology/ICD9CM/162.3,ICD9CM,162.3
http://purl.obolibrary.org/obo/MONDO_0008903,lung cancer,,,,"mondo->snomed,transitive->NLM mappings->icd9",forward,http://www.w3.org/2004/02/skos/core#closeMatch,http://purl.bioontology.org/ontology/ICD9CM/162.4,ICD9CM,162.4
http://purl.obolibrary.org/obo/MONDO_0008903,lung cancer,,,,"mondo->snomed,transitive->NLM mappings->icd9",forward,http://www.w3.org/2004/02/skos/core#closeMatch,http://purl.bioontology.org/ontology/ICD9CM/162.5,ICD9CM,162.5
http://purl.obolibrary.org/obo/MONDO_0008903,lung cancer,,,,"mondo->snomed,transitive->NLM mappings->icd9",forward,http://www.w3.org/2004/02/skos/core#closeMatch,http://purl.bioontology.org/ontology/ICD9CM/162.3,ICD9CM,162.3
http://purl.obolibrary.org/obo/MONDO_0008903,lung cancer,,,,"mondo->snomed,transitive->NLM mappings->icd9",forward,http://www.w3.org/2004/02/skos/core#exactMatch,http://purl.bioontology.org/ontology/ICD9CM/197.0,ICD9CM,197.0
http://purl.obolibrary.org/obo/MONDO_0008903,lung cancer,,,,"mondo->snomed,transitive->NLM mappings->icd9",forward,http://www.w3.org/2004/02/skos/core#exactMatch,http://purl.bioontology.org/ontology/ICD9CM/162.8,ICD9CM,162.8
http://purl.obolibrary.org/obo/MONDO_0008903,lung cancer,,,,"mondo->snomed,transitive->NLM mappings->icd9",forward,http://www.w3.org/2004/02/skos/core#exactMatch,http://purl.bioontology.org/ontology/ICD9CM/202.80,ICD9CM,202.80
http://purl.obolibrary.org/obo/MONDO_0008903,lung cancer,,,,"mondo->snomed,transitive->NLM mappings->icd9",forward,http://www.w3.org/2004/02/skos/core#exactMatch,http://purl.bioontology.org/ontology/ICD9CM/235.7,ICD9CM,235.7
http://purl.obolibrary.org/obo/MONDO_0008903,lung cancer,,,,"mondo->snomed,transitive->NLM mappings->icd9",forward,http://www.w3.org/2004/02/skos/core#exactMatch,http://purl.bioontology.org/ontology/ICD9CM/162.4,ICD9CM,162.4
http://purl.obolibrary.org/obo/MONDO_0008903,lung cancer,,,,"mondo->snomed,transitive->NLM mappings->icd9",forward,http://www.w3.org/2004/02/skos/core#exactMatch,http://purl.bioontology.org/ontology/ICD9CM/162.5,ICD9CM,162.5
http://purl.obolibrary.org/obo/MONDO_0008903,lung cancer,,,,"mondo->snomed,transitive->NLM mappings->icd9",forward,http://www.w3.org/2004/02/skos/core#exactMatch,http://purl.bioontology.org/ontology/ICD9CM/415.19,ICD9CM,415.19
http://purl.obolibrary.org/obo/MONDO_0008903,lung cancer,,,,"mondo->snomed,transitive->NLM mappings->icd9",forward,http://www.w3.org/2004/02/skos/core#exactMatch,http://purl.bioontology.org/ontology/ICD9CM/162.3,ICD9CM,162.3
http://purl.obolibrary.org/obo/MONDO_0008903,lung cancer,,,,"mondo->snomed,transitive->NLM mappings->icd9",forward,http://example.com/resource/mdbxr,http://purl.bioontology.org/ontology/ICD9CM/197.0,ICD9CM,197.0
http://purl.obolibrary.org/obo/MONDO_0008903,lung cancer,,,,"mondo->snomed,transitive->NLM mappings->icd9",forward,http://example.com/resource/mdbxr,http://purl.bioontology.org/ontology/ICD9CM/162.8,ICD9CM,162.8
http://purl.obolibrary.org/obo/MONDO_0008903,lung cancer,,,,"mondo->snomed,transitive->NLM mappings->icd9",forward,http://example.com/resource/mdbxr,http://purl.bioontology.org/ontology/ICD9CM/202.80,ICD9CM,202.80
http://purl.obolibrary.org/obo/MONDO_0008903,lung cancer,,,,"mondo->snomed,transitive->NLM mappings->icd9",forward,http://example.com/resource/mdbxr,http://purl.bioontology.org/ontology/ICD9CM/235.7,ICD9CM,235.7
http://purl.obolibrary.org/obo/MONDO_0008903,lung cancer,,,,"mondo->snomed,transitive->NLM mappings->icd9",forward,http://example.com/resource/mdbxr,http://purl.bioontology.org/ontology/ICD9CM/162.4,ICD9CM,162.4
http://purl.obolibrary.org/obo/MONDO_0008903,lung cancer,,,,"mondo->snomed,transitive->NLM mappings->icd9",forward,http://example.com/resource/mdbxr,http://purl.bioontology.org/ontology/ICD9CM/162.5,ICD9CM,162.5
http://purl.obolibrary.org/obo/MONDO_0008903,lung cancer,,,,"mondo->snomed,transitive->NLM mappings->icd9",forward,http://example.com/resource/mdbxr,http://purl.bioontology.org/ontology/ICD9CM/415.19,ICD9CM,415.19
http://purl.obolibrary.org/obo/MONDO_0008903,lung cancer,,,,"mondo->snomed,transitive->NLM mappings->icd9",forward,http://example.com/resource/mdbxr,http://purl.bioontology.org/ontology/ICD9CM/162.3,ICD9CM,162.3
http://purl.obolibrary.org/obo/MONDO_0008903,lung cancer,,,,mondo->icd,forward,http://example.com/resource/mdbxr,http://purl.bioontology.org/ontology/ICD9CM/162.8,ICD9CM,162.8
http://purl.obolibrary.org/obo/MONDO_0008903,lung cancer,,,,mondo->icd,forward,http://example.com/resource/mdbxr,http://purl.bioontology.org/ontology/ICD9CM/162.3,ICD9CM,162.3
http://purl.obolibrary.org/obo/MONDO_0008903,lung cancer,,,,mondo->icd,forward,http://example.com/resource/mdbxr,http://purl.bioontology.org/ontology/ICD9CM/162.4,ICD9CM,162.4
http://purl.obolibrary.org/obo/MONDO_0008903,lung cancer,,,,mondo->icd,forward,http://example.com/resource/mdbxr,http://purl.bioontology.org/ontology/ICD9CM/162.5,ICD9CM,162.5
http://purl.obolibrary.org/obo/MONDO_0008903,lung cancer,,,,mondo->CUI->icd,forward,http://www.w3.org/2004/02/skos/core#closeMatch,http://purl.bioontology.org/ontology/ICD9CM/162.8,ICD9CM,162.8
http://purl.obolibrary.org/obo/MONDO_0008903,lung cancer,,,,mondo->CUI->icd,forward,http://www.w3.org/2004/02/skos/core#closeMatch,http://purl.bioontology.org/ontology/ICD9CM/162.3,ICD9CM,162.3
http://purl.obolibrary.org/obo/MONDO_0008903,lung cancer,,,,mondo->CUI->icd,forward,http://www.w3.org/2004/02/skos/core#closeMatch,http://purl.bioontology.org/ontology/ICD9CM/162.4,ICD9CM,162.4
http://purl.obolibrary.org/obo/MONDO_0008903,lung cancer,,,,mondo->CUI->icd,forward,http://www.w3.org/2004/02/skos/core#closeMatch,http://purl.bioontology.org/ontology/ICD9CM/162.5,ICD9CM,162.5
http://purl.obolibrary.org/obo/MONDO_0008903,lung cancer,,,,mondo->snomed->CUI->icd,forward,http://www.w3.org/2002/07/owl#equivalentClass,http://purl.bioontology.org/ontology/ICD10CM/C78.02,ICD10CM,C78.02
http://purl.obolibrary.org/obo/MONDO_0008903,lung cancer,,,,mondo->snomed->CUI->icd,forward,http://www.w3.org/2002/07/owl#equivalentClass,http://purl.bioontology.org/ontology/ICD10CM/C78.0,ICD10CM,C78.0
http://purl.obolibrary.org/obo/MONDO_0008903,lung cancer,,,,mondo->snomed->CUI->icd,forward,http://www.w3.org/2002/07/owl#equivalentClass,http://purl.bioontology.org/ontology/ICD10CM/C78.00,ICD10CM,C78.00
http://purl.obolibrary.org/obo/MONDO_0008903,lung cancer,,,,mondo->snomed->CUI->icd,forward,http://www.w3.org/2002/07/owl#equivalentClass,http://purl.bioontology.org/ontology/ICD10CM/C78.01,ICD10CM,C78.01
http://purl.obolibrary.org/obo/MONDO_0008903,lung cancer,,,,mondo->snomed->CUI->icd,forward,http://www.w3.org/2002/07/owl#equivalentClass,http://purl.bioontology.org/ontology/ICD10CM/C46.5,ICD10CM,C46.5
http://purl.obolibrary.org/obo/MONDO_0008903,lung cancer,,,,mondo->snomed->CUI->icd,forward,http://www.w3.org/2002/07/owl#equivalentClass,http://purl.bioontology.org/ontology/ICD10CM/C46.50,ICD10CM,C46.50
http://purl.obolibrary.org/obo/MONDO_0008903,lung cancer,,,,mondo->snomed->CUI->icd,forward,http://www.w3.org/2002/07/owl#equivalentClass,http://purl.bioontology.org/ontology/ICD10CM/C46.51,ICD10CM,C46.51
http://purl.obolibrary.org/obo/MONDO_0008903,lung cancer,,,,mondo->snomed->CUI->icd,forward,http://www.w3.org/2002/07/owl#equivalentClass,http://purl.bioontology.org/ontology/ICD10CM/C46.52,ICD10CM,C46.52
http://purl.obolibrary.org/obo/MONDO_0008903,lung cancer,,,,mondo->snomed->CUI->icd,forward,http://www.w3.org/2004/02/skos/core#exactMatch,http://purl.bioontology.org/ontology/ICD10CM/C78.02,ICD10CM,C78.02
http://purl.obolibrary.org/obo/MONDO_0008903,lung cancer,,,,mondo->snomed->CUI->icd,forward,http://www.w3.org/2004/02/skos/core#exactMatch,http://purl.bioontology.org/ontology/ICD10CM/C78.0,ICD10CM,C78.0
http://purl.obolibrary.org/obo/MONDO_0008903,lung cancer,,,,mondo->snomed->CUI->icd,forward,http://www.w3.org/2004/02/skos/core#exactMatch,http://purl.bioontology.org/ontology/ICD10CM/C78.00,ICD10CM,C78.00
http://purl.obolibrary.org/obo/MONDO_0008903,lung cancer,,,,mondo->snomed->CUI->icd,forward,http://www.w3.org/2004/02/skos/core#exactMatch,http://purl.bioontology.org/ontology/ICD10CM/C78.01,ICD10CM,C78.01
http://purl.obolibrary.org/obo/MONDO_0008903,lung cancer,,,,mondo->snomed->CUI->icd,forward,http://www.w3.org/2004/02/skos/core#exactMatch,http://purl.bioontology.org/ontology/ICD10CM/C46.5,ICD10CM,C46.5
http://purl.obolibrary.org/obo/MONDO_0008903,lung cancer,,,,mondo->snomed->CUI->icd,forward,http://www.w3.org/2004/02/skos/core#exactMatch,http://purl.bioontology.org/ontology/ICD10CM/C46.50,ICD10CM,C46.50
http://purl.obolibrary.org/obo/MONDO_0008903,lung cancer,,,,mondo->snomed->CUI->icd,forward,http://www.w3.org/2004/02/skos/core#exactMatch,http://purl.bioontology.org/ontology/ICD10CM/C46.51,ICD10CM,C46.51
http://purl.obolibrary.org/obo/MONDO_0008903,lung cancer,,,,mondo->snomed->CUI->icd,forward,http://www.w3.org/2004/02/skos/core#exactMatch,http://purl.bioontology.org/ontology/ICD10CM/C46.52,ICD10CM,C46.52
http://purl.obolibrary.org/obo/MONDO_0008903,lung cancer,,,,mondo->snomed->CUI->icd,forward,http://example.com/resource/mdbxr,http://purl.bioontology.org/ontology/ICD10CM/C78.02,ICD10CM,C78.02
http://purl.obolibrary.org/obo/MONDO_0008903,lung cancer,,,,mondo->snomed->CUI->icd,forward,http://example.com/resource/mdbxr,http://purl.bioontology.org/ontology/ICD10CM/C78.0,ICD10CM,C78.0
http://purl.obolibrary.org/obo/MONDO_0008903,lung cancer,,,,mondo->snomed->CUI->icd,forward,http://example.com/resource/mdbxr,http://purl.bioontology.org/ontology/ICD10CM/C78.00,ICD10CM,C78.00
http://purl.obolibrary.org/obo/MONDO_0008903,lung cancer,,,,mondo->snomed->CUI->icd,forward,http://example.com/resource/mdbxr,http://purl.bioontology.org/ontology/ICD10CM/C78.01,ICD10CM,C78.01
http://purl.obolibrary.org/obo/MONDO_0008903,lung cancer,,,,mondo->snomed->CUI->icd,forward,http://example.com/resource/mdbxr,http://purl.bioontology.org/ontology/ICD10CM/C46.5,ICD10CM,C46.5
http://purl.obolibrary.org/obo/MONDO_0008903,lung cancer,,,,mondo->snomed->CUI->icd,forward,http://example.com/resource/mdbxr,http://purl.bioontology.org/ontology/ICD10CM/C46.50,ICD10CM,C46.50
http://purl.obolibrary.org/obo/MONDO_0008903,lung cancer,,,,mondo->snomed->CUI->icd,forward,http://example.com/resource/mdbxr,http://purl.bioontology.org/ontology/ICD10CM/C46.51,ICD10CM,C46.51
http://purl.obolibrary.org/obo/MONDO_0008903,lung cancer,,,,mondo->snomed->CUI->icd,forward,http://example.com/resource/mdbxr,http://purl.bioontology.org/ontology/ICD10CM/C46.52,ICD10CM,C46.52
http://purl.obolibrary.org/obo/MONDO_0008903,lung cancer,,,,mondo->snomed->CUI->icd,forward,http://www.w3.org/2002/07/owl#equivalentClass,http://purl.bioontology.org/ontology/ICD9CM/197.0,ICD9CM,197.0
http://purl.obolibrary.org/obo/MONDO_0008903,lung cancer,,,,mondo->snomed->CUI->icd,forward,http://www.w3.org/2002/07/owl#equivalentClass,http://purl.bioontology.org/ontology/ICD9CM/176.4,ICD9CM,176.4
http://purl.obolibrary.org/obo/MONDO_0008903,lung cancer,,,,mondo->snomed->CUI->icd,forward,http://www.w3.org/2002/07/owl#equivalentClass,http://purl.bioontology.org/ontology/ICD9CM/162.4,ICD9CM,162.4
http://purl.obolibrary.org/obo/MONDO_0008903,lung cancer,,,,mondo->snomed->CUI->icd,forward,http://www.w3.org/2002/07/owl#equivalentClass,http://purl.bioontology.org/ontology/ICD9CM/162.5,ICD9CM,162.5
http://purl.obolibrary.org/obo/MONDO_0008903,lung cancer,,,,mondo->snomed->CUI->icd,forward,http://www.w3.org/2002/07/owl#equivalentClass,http://purl.bioontology.org/ontology/ICD9CM/162.3,ICD9CM,162.3
http://purl.obolibrary.org/obo/MONDO_0008903,lung cancer,,,,mondo->snomed->CUI->icd,forward,http://www.w3.org/2004/02/skos/core#closeMatch,http://purl.bioontology.org/ontology/ICD9CM/162.4,ICD9CM,162.4
http://purl.obolibrary.org/obo/MONDO_0008903,lung cancer,,,,mondo->snomed->CUI->icd,forward,http://www.w3.org/2004/02/skos/core#closeMatch,http://purl.bioontology.org/ontology/ICD9CM/162.5,ICD9CM,162.5
http://purl.obolibrary.org/obo/MONDO_0008903,lung cancer,,,,mondo->snomed->CUI->icd,forward,http://www.w3.org/2004/02/skos/core#closeMatch,http://purl.bioontology.org/ontology/ICD9CM/162.3,ICD9CM,162.3
http://purl.obolibrary.org/obo/MONDO_0008903,lung cancer,,,,mondo->snomed->CUI->icd,forward,http://www.w3.org/2004/02/skos/core#exactMatch,http://purl.bioontology.org/ontology/ICD9CM/197.0,ICD9CM,197.0
http://purl.obolibrary.org/obo/MONDO_0008903,lung cancer,,,,mondo->snomed->CUI->icd,forward,http://www.w3.org/2004/02/skos/core#exactMatch,http://purl.bioontology.org/ontology/ICD9CM/176.4,ICD9CM,176.4
http://purl.obolibrary.org/obo/MONDO_0008903,lung cancer,,,,mondo->snomed->CUI->icd,forward,http://www.w3.org/2004/02/skos/core#exactMatch,http://purl.bioontology.org/ontology/ICD9CM/162.4,ICD9CM,162.4
http://purl.obolibrary.org/obo/MONDO_0008903,lung cancer,,,,mondo->snomed->CUI->icd,forward,http://www.w3.org/2004/02/skos/core#exactMatch,http://purl.bioontology.org/ontology/ICD9CM/162.5,ICD9CM,162.5
http://purl.obolibrary.org/obo/MONDO_0008903,lung cancer,,,,mondo->snomed->CUI->icd,forward,http://www.w3.org/2004/02/skos/core#exactMatch,http://purl.bioontology.org/ontology/ICD9CM/162.3,ICD9CM,162.3
http://purl.obolibrary.org/obo/MONDO_0008903,lung cancer,,,,mondo->snomed->CUI->icd,forward,http://example.com/resource/mdbxr,http://purl.bioontology.org/ontology/ICD9CM/197.0,ICD9CM,197.0
http://purl.obolibrary.org/obo/MONDO_0008903,lung cancer,,,,mondo->snomed->CUI->icd,forward,http://example.com/resource/mdbxr,http://purl.bioontology.org/ontology/ICD9CM/176.4,ICD9CM,176.4
http://purl.obolibrary.org/obo/MONDO_0008903,lung cancer,,,,mondo->snomed->CUI->icd,forward,http://example.com/resource/mdbxr,http://purl.bioontology.org/ontology/ICD9CM/162.4,ICD9CM,162.4
http://purl.obolibrary.org/obo/MONDO_0008903,lung cancer,,,,mondo->snomed->CUI->icd,forward,http://example.com/resource/mdbxr,http://purl.bioontology.org/ontology/ICD9CM/162.5,ICD9CM,162.5
http://purl.obolibrary.org/obo/MONDO_0008903,lung cancer,,,,mondo->snomed->CUI->icd,forward,http://example.com/resource/mdbxr,http://purl.bioontology.org/ontology/ICD9CM/162.3,ICD9CM,162.3
http://purl.obolibrary.org/obo/MONDO_0004991,minimally invasive lung adenocarcinoma,,,,mondo->icd,forward,http://example.com/resource/mdbxr,http://purl.bioontology.org/ontology/ICD9CM/162.9,ICD9CM,162.9
